dataset_name,before_fix_global_accuracy,new_global_accuracy,valid_global_data_size,runtimes
agnews,0.5437,0.7255166666666667,40276,"{'snorkel_first_run': 16.492344856262207, 'snorkel_run_after_fix': 41.202213525772095, 'solver_runtime': 0.5797452926635742, 'repair_time': 1.067986249923706}"
agnews,0.5437,0.5964333333333334,40276,"{'snorkel_first_run': 16.870025634765625, 'snorkel_run_after_fix': 48.16619944572449, 'solver_runtime': 0.5794689655303955, 'repair_time': 1.2959246635437012}"
agnews,0.5437,0.5217666666666667,40276,"{'snorkel_first_run': 16.856470346450806, 'snorkel_run_after_fix': 32.40773963928223, 'solver_runtime': 0.7196030616760254, 'repair_time': 0.9288101196289062}"
agnews,0.5437,0.6421333333333333,40276,"{'snorkel_first_run': 16.93486762046814, 'snorkel_run_after_fix': 29.37043070793152, 'solver_runtime': 0.6328480243682861, 'repair_time': 0.8813283443450928}"
agnews,0.5437,0.5985833333333334,40276,"{'snorkel_first_run': 17.005545616149902, 'snorkel_run_after_fix': 47.671645641326904, 'solver_runtime': 0.8563532829284668, 'repair_time': 1.7500190734863281}"
agnews,0.5437,0.6011666666666666,40276,"{'snorkel_first_run': 17.033597707748413, 'snorkel_run_after_fix': 34.16473412513733, 'solver_runtime': 0.7862522602081299, 'repair_time': 1.2868402004241943}"
agnews,0.5437,0.5878666666666666,40276,"{'snorkel_first_run': 23.21177339553833, 'snorkel_run_after_fix': 46.19990277290344, 'solver_runtime': 1.2530903816223145, 'repair_time': 0.958582878112793}"
agnews,0.5437,0.5270666666666667,40276,"{'snorkel_first_run': 16.59070873260498, 'snorkel_run_after_fix': 34.33335328102112, 'solver_runtime': 0.9321866035461426, 'repair_time': 1.2204070091247559}"
agnews,0.5437,0.66335,40276,"{'snorkel_first_run': 17.2853102684021, 'snorkel_run_after_fix': 30.370158910751343, 'solver_runtime': 0.8567395210266113, 'repair_time': 0.9964942932128906}"
agnews,0.5437,0.65525,40276,"{'snorkel_first_run': 17.173089742660522, 'snorkel_run_after_fix': 33.804402112960815, 'solver_runtime': 0.8555202484130859, 'repair_time': 1.040489912033081}"
agnews,0.5437,0.52915,40276,"{'snorkel_first_run': 17.247227907180786, 'snorkel_run_after_fix': 33.67473363876343, 'solver_runtime': 0.9268290996551514, 'repair_time': 1.0363366603851318}"
agnews,0.5437,0.68265,40276,"{'snorkel_first_run': 17.043804168701172, 'snorkel_run_after_fix': 31.125555515289307, 'solver_runtime': 0.6175384521484375, 'repair_time': 1.3679702281951904}"
agnews,0.5437,0.6035333333333334,40276,"{'snorkel_first_run': 18.420902729034424, 'snorkel_run_after_fix': 36.18597340583801, 'solver_runtime': 0.7320201396942139, 'repair_time': 1.2704277038574219}"
agnews,0.5437,0.5629,40276,"{'snorkel_first_run': 17.04806113243103, 'snorkel_run_after_fix': 32.39617156982422, 'solver_runtime': 0.7685976028442383, 'repair_time': 0.9918849468231201}"
agnews,0.5437,0.5107833333333334,40276,"{'snorkel_first_run': 17.248537302017212, 'snorkel_run_after_fix': 34.61248588562012, 'solver_runtime': 0.7987840175628662, 'repair_time': 0.9436445236206055}"
agnews,0.5437,0.64855,40276,"{'snorkel_first_run': 23.576181411743164, 'snorkel_run_after_fix': 50.217703342437744, 'solver_runtime': 1.4158709049224854, 'repair_time': 5.543812990188599}"
agnews,0.5437,0.5816,40276,"{'snorkel_first_run': 17.881889820098877, 'snorkel_run_after_fix': 59.81492853164673, 'solver_runtime': 1.5972869396209717, 'repair_time': 7.733010292053223}"
agnews,0.5437,0.6575333333333333,40276,"{'snorkel_first_run': 17.653141021728516, 'snorkel_run_after_fix': 46.352476835250854, 'solver_runtime': 1.638627052307129, 'repair_time': 5.793734550476074}"
agnews,0.5437,0.6297833333333334,40276,"{'snorkel_first_run': 18.27227759361267, 'snorkel_run_after_fix': 47.09611892700195, 'solver_runtime': 1.6501538753509521, 'repair_time': 5.508772850036621}"
agnews,0.5437,0.6221166666666667,40276,"{'snorkel_first_run': 17.290926456451416, 'snorkel_run_after_fix': 43.3761773109436, 'solver_runtime': 1.6475729942321777, 'repair_time': 5.365118741989136}"
agnews,0.5437,0.6375666666666666,40276,"{'snorkel_first_run': 149.00882148742676, 'snorkel_run_after_fix': 221.03956580162048, 'solver_runtime': 2.3418946266174316, 'repair_time': 13.619638681411743}"
agnews,0.5437,0.5775666666666667,40276,"{'snorkel_first_run': 163.38500332832336, 'snorkel_run_after_fix': 217.8253571987152, 'solver_runtime': 3.446528911590576, 'repair_time': 10.385576009750366}"
agnews,0.5437,0.7028333333333333,40276,"{'snorkel_first_run': 17.106882095336914, 'snorkel_run_after_fix': 45.71952986717224, 'solver_runtime': 1.4138047695159912, 'repair_time': 5.882897138595581}"
agnews,0.5437,0.6612833333333333,40276,"{'snorkel_first_run': 23.82436990737915, 'snorkel_run_after_fix': 41.067631244659424, 'solver_runtime': 1.504882574081421, 'repair_time': 5.028382778167725}"
agnews,0.5437,0.6697833333333333,40276,"{'snorkel_first_run': 16.806668043136597, 'snorkel_run_after_fix': 49.49746370315552, 'solver_runtime': 1.6277081966400146, 'repair_time': 7.789999485015869}"
agnews,0.5437,0.6488833333333334,40276,"{'snorkel_first_run': 17.39507555961609, 'snorkel_run_after_fix': 42.990017890930176, 'solver_runtime': 1.5856542587280273, 'repair_time': 8.700911045074463}"
agnews,0.5437,0.5710166666666666,40276,"{'snorkel_first_run': 23.92325735092163, 'snorkel_run_after_fix': 47.82423543930054, 'solver_runtime': 1.5836498737335205, 'repair_time': 6.393090009689331}"
agnews,0.5437,0.6686833333333333,40276,"{'snorkel_first_run': 17.463440656661987, 'snorkel_run_after_fix': 52.23187613487244, 'solver_runtime': 2.769960403442383, 'repair_time': 24.893205881118774}"
agnews,0.5437,0.6686833333333333,40276,"{'snorkel_first_run': 16.68862223625183, 'snorkel_run_after_fix': 50.09469199180603, 'solver_runtime': 2.7751119136810303, 'repair_time': 24.203267574310303}"
agnews,0.5437,0.6686833333333333,40276,"{'snorkel_first_run': 17.08480668067932, 'snorkel_run_after_fix': 65.51367163658142, 'solver_runtime': 2.784787178039551, 'repair_time': 24.892990350723267}"
agnews,0.5437,0.6272166666666666,40276,"{'snorkel_first_run': 23.35596203804016, 'snorkel_run_after_fix': 74.40364837646484, 'solver_runtime': 4.141069650650024, 'repair_time': 29.679768085479736}"
agnews,0.5437,0.6272166666666666,40276,"{'snorkel_first_run': 17.005860805511475, 'snorkel_run_after_fix': 55.1081817150116, 'solver_runtime': 4.103417873382568, 'repair_time': 29.504590272903442}"
agnews,0.5437,0.7019,40276,"{'snorkel_first_run': 16.99158477783203, 'snorkel_run_after_fix': 56.55578923225403, 'solver_runtime': 3.853394031524658, 'repair_time': 31.498363494873047}"
agnews,0.5437,0.6489833333333334,40276,"{'snorkel_first_run': 138.31958651542664, 'snorkel_run_after_fix': 235.71630716323853, 'solver_runtime': 4.619430303573608, 'repair_time': 85.9816427230835}"
agnews,0.5437,0.6748166666666666,40276,"{'snorkel_first_run': 135.9593062400818, 'snorkel_run_after_fix': 218.1853528022766, 'solver_runtime': 4.682047128677368, 'repair_time': 61.78807759284973}"
agnews,0.5437,0.6600333333333334,40276,"{'snorkel_first_run': 221.80108428001404, 'snorkel_run_after_fix': 382.246826171875, 'solver_runtime': 7.069828748703003, 'repair_time': 94.50042986869812}"
agnews,0.5437,0.6984833333333333,40276,"{'snorkel_first_run': 17.58401870727539, 'snorkel_run_after_fix': 54.038813829422, 'solver_runtime': 3.896347761154175, 'repair_time': 28.224159002304077}"
agnews,0.5437,0.668,40276,"{'snorkel_first_run': 17.56053590774536, 'snorkel_run_after_fix': 59.74255061149597, 'solver_runtime': 3.089299201965332, 'repair_time': 30.759846210479736}"
agnews,0.5437,0.6395833333333333,40276,"{'snorkel_first_run': 16.941474199295044, 'snorkel_run_after_fix': 70.56253027915955, 'solver_runtime': 3.855180501937866, 'repair_time': 40.437559843063354}"
agnews,0.5437,0.6754833333333333,40276,"{'snorkel_first_run': 151.16868209838867, 'snorkel_run_after_fix': 237.71281599998474, 'solver_runtime': 4.520851373672485, 'repair_time': 62.45952224731445}"
agnews,0.5437,0.6940666666666667,40276,"{'snorkel_first_run': 136.26353430747986, 'snorkel_run_after_fix': 304.52720737457275, 'solver_runtime': 5.115008354187012, 'repair_time': 77.99908638000488}"
agnews,0.5437,0.6811,40276,"{'snorkel_first_run': 17.094165086746216, 'snorkel_run_after_fix': 55.138468980789185, 'solver_runtime': 5.039993524551392, 'repair_time': 38.53200888633728}"
agnews,0.5437,0.6404166666666666,40276,"{'snorkel_first_run': 16.84753441810608, 'snorkel_run_after_fix': 60.34130358695984, 'solver_runtime': 5.105103015899658, 'repair_time': 87.16587471961975}"
agnews,0.5437,0.6979333333333333,40276,"{'snorkel_first_run': 16.872454404830933, 'snorkel_run_after_fix': 79.21114230155945, 'solver_runtime': 8.301795721054077, 'repair_time': 132.06289434432983}"
amazon,0.5963795962743811,0.7722141779939977,188660,"{'snorkel_first_run': 158.9930317401886, 'snorkel_run_after_fix': 224.1030387878418, 'solver_runtime': 1.5267589092254639, 'repair_time': 2.754462242126465}"
amazon,0.5963795962743811,0.7547835323236017,188660,"{'snorkel_first_run': 159.7295000553131, 'snorkel_run_after_fix': 256.23159885406494, 'solver_runtime': 141.94244170188904, 'repair_time': 1.9611365795135498}"
amazon,0.5963795962743811,0.7491219543967413,188660,"{'snorkel_first_run': 161.1993706226349, 'snorkel_run_after_fix': 234.38303923606873, 'solver_runtime': 1.0814809799194336, 'repair_time': 2.0691850185394287}"
amazon,0.5963795962743811,0.6476744943409272,188660,"{'snorkel_first_run': 159.65873217582703, 'snorkel_run_after_fix': 299.04052901268005, 'solver_runtime': 1.926400899887085, 'repair_time': 1.6882977485656738}"
amazon,0.5963795962743811,0.7368568723038614,188660,"{'snorkel_first_run': 222.7262568473816, 'snorkel_run_after_fix': 331.408570766449, 'solver_runtime': 1.7069940567016602, 'repair_time': 2.8792762756347656}"
amazon,0.5963795962743811,0.679093746712026,188660,"{'snorkel_first_run': 159.76610851287842, 'snorkel_run_after_fix': 250.02308797836304, 'solver_runtime': 3.9310691356658936, 'repair_time': 3.887450695037842}"
amazon,0.5963795962743811,0.7537714626411011,188660,"{'snorkel_first_run': 159.85939812660217, 'snorkel_run_after_fix': 231.34223556518555, 'solver_runtime': 2.54830002784729, 'repair_time': 2.3243072032928467}"
amazon,0.5963795962743811,0.6154185308956817,188660,"{'snorkel_first_run': 204.9530520439148, 'snorkel_run_after_fix': 242.00215339660645, 'solver_runtime': 1.3041679859161377, 'repair_time': 1.5912165641784668}"
amazon,0.5963795962743811,0.5815993707131083,188660,"{'snorkel_first_run': 160.17956471443176, 'snorkel_run_after_fix': 274.9374203681946, 'solver_runtime': 1.6200222969055176, 'repair_time': 5.187777996063232}"
amazon,0.5963795962743811,0.6478298119654694,188660,"{'snorkel_first_run': 159.7372362613678, 'snorkel_run_after_fix': 235.36016130447388, 'solver_runtime': 1.772437334060669, 'repair_time': 1.6460013389587402}"
amazon,0.5963795962743811,0.7462711244494993,188660,"{'snorkel_first_run': 173.1768443584442, 'snorkel_run_after_fix': 271.90666151046753, 'solver_runtime': 43.942901849746704, 'repair_time': 9.381823539733887}"
amazon,0.5963795962743811,0.7667329689214444,188660,"{'snorkel_first_run': 159.45494651794434, 'snorkel_run_after_fix': 273.3302285671234, 'solver_runtime': 5.068544149398804, 'repair_time': 9.115937232971191}"
amazon,0.5963795962743811,0.663406666633265,188660,"{'snorkel_first_run': 159.73800921440125, 'snorkel_run_after_fix': 300.14979553222656, 'solver_runtime': 17.209489583969116, 'repair_time': 15.909620523452759}"
amazon,0.5963795962743811,0.6886482857443472,188660,"{'snorkel_first_run': 163.51963758468628, 'snorkel_run_after_fix': 265.8899755477905, 'solver_runtime': 91.27820777893066, 'repair_time': 9.556912183761597}"
amazon,0.5963795962743811,0.7875655715939095,188660,"{'snorkel_first_run': 159.77885484695435, 'snorkel_run_after_fix': 299.4443130493164, 'solver_runtime': 3.6633291244506836, 'repair_time': 11.761665344238281}"
amazon,0.5963795962743811,0.7803558276675802,188660,"{'snorkel_first_run': 522.3994128704071, 'snorkel_run_after_fix': 820.026937007904, 'solver_runtime': 8.426263809204102, 'repair_time': 37.80212473869324}"
amazon,0.5963795962743811,0.738830909209333,188660,"{'snorkel_first_run': 478.0424790382385, 'snorkel_run_after_fix': 769.4857699871063, 'solver_runtime': 5.188779592514038, 'repair_time': 119.08015322685242}"
fakenews,0.708314494981463,0.8656750158242156,42444,"{'snorkel_first_run': 18.931398153305054, 'snorkel_run_after_fix': 28.732993364334106, 'solver_runtime': 0.7787909507751465, 'repair_time': 29.69656753540039}"
fakenews,0.708314494981463,0.5282801338276517,42444,"{'snorkel_first_run': 19.902557373046875, 'snorkel_run_after_fix': 28.12128257751465, 'solver_runtime': 0.7732627391815186, 'repair_time': 56.78026628494263}"
fakenews,0.708314494981463,0.5889773035536667,42444,"{'snorkel_first_run': 24.291585206985474, 'snorkel_run_after_fix': 30.042585372924805, 'solver_runtime': 1.1017043590545654, 'repair_time': 21.051252841949463}"
fakenews,0.708314494981463,0.6402025499593091,42444,"{'snorkel_first_run': 19.32755422592163, 'snorkel_run_after_fix': 30.154894828796387, 'solver_runtime': 1.2855994701385498, 'repair_time': 69.4115788936615}"
fakenews,0.708314494981463,0.7037932905325979,42444,"{'snorkel_first_run': 19.375795602798462, 'snorkel_run_after_fix': 29.18569302558899, 'solver_runtime': 1.0290381908416748, 'repair_time': 42.769498348236084}"
fakenews,0.708314494981463,0.7313726376706755,42444,"{'snorkel_first_run': 22.607319831848145, 'snorkel_run_after_fix': 29.437487363815308, 'solver_runtime': 1.0864248275756836, 'repair_time': 44.35408067703247}"
fakenews,0.708314494981463,0.7220589565060131,42444,"{'snorkel_first_run': 19.67225456237793, 'snorkel_run_after_fix': 28.870389223098755, 'solver_runtime': 1.3902759552001953, 'repair_time': 47.16602039337158}"
fakenews,0.708314494981463,0.7530744190252283,42444,"{'snorkel_first_run': 19.798696994781494, 'snorkel_run_after_fix': 29.17576575279236, 'solver_runtime': 0.9940147399902344, 'repair_time': 37.2817747592926}"
fakenews,0.708314494981463,0.7686273623293245,42444,"{'snorkel_first_run': 18.704912900924683, 'snorkel_run_after_fix': 38.37428617477417, 'solver_runtime': 1.4270319938659668, 'repair_time': 26.593345403671265}"
fakenews,0.708314494981463,0.616262772402568,42444,"{'snorkel_first_run': 26.1093533039093, 'snorkel_run_after_fix': 30.013520002365112, 'solver_runtime': 1.0773613452911377, 'repair_time': 39.756754875183105}"
fakenews,0.708314494981463,0.942422461343702,42444,"{'snorkel_first_run': 19.44872498512268, 'snorkel_run_after_fix': 28.357983589172363, 'solver_runtime': 1.0128612518310547, 'repair_time': 23.0253586769104}"
fakenews,0.708314494981463,0.6863414413599783,42444,"{'snorkel_first_run': 19.639496564865112, 'snorkel_run_after_fix': 29.49389410018921, 'solver_runtime': 0.8925571441650391, 'repair_time': 25.198388814926147}"
fakenews,0.708314494981463,0.7805407360520843,42444,"{'snorkel_first_run': 19.257089614868164, 'snorkel_run_after_fix': 30.75363254547119, 'solver_runtime': 0.910067081451416, 'repair_time': 20.208437204360962}"
fakenews,0.708314494981463,0.9505154173071706,42444,"{'snorkel_first_run': 19.381770133972168, 'snorkel_run_after_fix': 30.25922203063965, 'solver_runtime': 0.8537261486053467, 'repair_time': 30.800377130508423}"
fakenews,0.708314494981463,0.6734107966362239,42444,"{'snorkel_first_run': 19.035295963287354, 'snorkel_run_after_fix': 28.473597764968872, 'solver_runtime': 0.9676306247711182, 'repair_time': 42.15513849258423}"
fakenews,0.708314494981463,0.92051722578895,42444,"{'snorkel_first_run': 18.94699001312256, 'snorkel_run_after_fix': 32.24333715438843, 'solver_runtime': 1.9093279838562012, 'repair_time': 145.30495238304138}"
fakenews,0.708314494981463,0.6612939687132652,42444,"{'snorkel_first_run': 19.430596113204956, 'snorkel_run_after_fix': 45.273215770721436, 'solver_runtime': 2.335315465927124, 'repair_time': 262.68013548851013}"
fakenews,0.708314494981463,0.8039831811194502,42444,"{'snorkel_first_run': 26.346468448638916, 'snorkel_run_after_fix': 47.79217171669006, 'solver_runtime': 2.9059700965881348, 'repair_time': 126.10712480545044}"
fakenews,0.708314494981463,0.7417035898363324,42444,"{'snorkel_first_run': 19.351094722747803, 'snorkel_run_after_fix': 36.857455015182495, 'solver_runtime': 1.956817388534546, 'repair_time': 278.5122113227844}"
fakenews,0.708314494981463,0.9417668866986164,42444,"{'snorkel_first_run': 19.738895893096924, 'snorkel_run_after_fix': 32.78173637390137, 'solver_runtime': 4.234454393386841, 'repair_time': 144.33972096443176}"
fakenews,0.708314494981463,0.9228908581246044,42444,"{'snorkel_first_run': 155.03129482269287, 'snorkel_run_after_fix': 192.82571816444397, 'solver_runtime': 3.953681707382202, 'repair_time': 480.00934624671936}"
fakenews,0.708314494981463,0.9402296771860024,42444,"{'snorkel_first_run': 19.39814591407776, 'snorkel_run_after_fix': 31.044892072677612, 'solver_runtime': 2.4404900074005127, 'repair_time': 123.79666948318481}"
fakenews,0.708314494981463,0.9342164752690116,42444,"{'snorkel_first_run': 19.393247365951538, 'snorkel_run_after_fix': 29.856751918792725, 'solver_runtime': 2.100862741470337, 'repair_time': 98.30701398849487}"
fakenews,0.708314494981463,0.8386608192422461,42444,"{'snorkel_first_run': 20.297287702560425, 'snorkel_run_after_fix': 33.53718900680542, 'solver_runtime': 2.332167148590088, 'repair_time': 114.04685235023499}"
fakenews,0.708314494981463,0.9519848087530518,42444,"{'snorkel_first_run': 19.960296392440796, 'snorkel_run_after_fix': 31.82639789581299, 'solver_runtime': 102.0939371585846, 'repair_time': 81.19669222831726}"
fakenews,0.708314494981463,0.9373135003164844,42444,"{'snorkel_first_run': 20.123281002044678, 'snorkel_run_after_fix': 33.19366216659546, 'solver_runtime': 2.033473014831543, 'repair_time': 143.51384019851685}"
fakenews,0.708314494981463,0.9394836784519396,42444,"{'snorkel_first_run': 19.762755632400513, 'snorkel_run_after_fix': 33.04258871078491, 'solver_runtime': 5.9819111824035645, 'repair_time': 496.4788091182709}"
fakenews,0.708314494981463,0.836083732706393,42444,"{'snorkel_first_run': 19.430955171585083, 'snorkel_run_after_fix': 40.03101706504822, 'solver_runtime': 6.858721017837524, 'repair_time': 971.320716381073}"
fakenews,0.708314494981463,0.91800795731983,42444,"{'snorkel_first_run': 146.81765460968018, 'snorkel_run_after_fix': 193.17610931396484, 'solver_runtime': 6.140380144119263, 'repair_time': 964.3908288478851}"
fakenews,0.708314494981463,0.9288588479971064,42444,"{'snorkel_first_run': 143.91738843917847, 'snorkel_run_after_fix': 1936.5591123104095, 'solver_runtime': 7.447258710861206, 'repair_time': 1772.1861832141876}"
fakenews,0.708314494981463,0.9284745456189528,42444,"{'snorkel_first_run': 146.54797506332397, 'snorkel_run_after_fix': 264.64730191230774, 'solver_runtime': 16.146174907684326, 'repair_time': 1270.561844110489}"
fakenews,0.708314494981463,0.9368613798715978,42444,"{'snorkel_first_run': 19.428868055343628, 'snorkel_run_after_fix': 37.54264760017395, 'solver_runtime': 16.18302583694458, 'repair_time': 684.9190766811371}"
fakenews,0.708314494981463,0.9539967447327968,42444,"{'snorkel_first_run': 20.217308282852173, 'snorkel_run_after_fix': 50.15582036972046, 'solver_runtime': 6.06564998626709, 'repair_time': 853.4035885334015}"
fakenews,0.708314494981463,0.9346912017361424,42444,"{'snorkel_first_run': 26.890151500701904, 'snorkel_run_after_fix': 47.97626209259033, 'solver_runtime': 6.401131629943848, 'repair_time': 826.3413877487183}"
fakenews,0.708314494981463,0.9526403833981372,42444,"{'snorkel_first_run': 196.41653895378113, 'snorkel_run_after_fix': 323.1483874320984, 'solver_runtime': 7.7814414501190186, 'repair_time': 1118.7241377830505}"
fakenews,0.708314494981463,0.9422416131657474,42444,"{'snorkel_first_run': 149.2059667110443, 'snorkel_run_after_fix': 286.10733795166016, 'solver_runtime': 14.654108762741089, 'repair_time': 1406.7484023571014}"
fakenews,0.708314494981463,0.9404331313862012,42444,"{'snorkel_first_run': 19.34543228149414, 'snorkel_run_after_fix': 34.654855489730835, 'solver_runtime': 9.5901358127594, 'repair_time': 761.3777232170105}"
fakenews,0.708314494981463,0.946378515236459,42444,"{'snorkel_first_run': 19.314942121505737, 'snorkel_run_after_fix': 45.688515424728394, 'solver_runtime': 8.840239763259888, 'repair_time': 1139.3567609786987}"
fakenews,0.708314494981463,0.9315263586219368,42444,"{'snorkel_first_run': 103.52354335784912, 'snorkel_run_after_fix': 46.63349175453186, 'solver_runtime': 600.9080238342285, 'repair_time': 3272.0682396888733}"
imdb,0.42778,0.5099,26729,"{'snorkel_first_run': 14.254538297653198, 'snorkel_run_after_fix': 24.88055157661438, 'solver_runtime': 0.4369697570800781, 'repair_time': 6.707449197769165}"
imdb,0.42778,0.5855,26729,"{'snorkel_first_run': 14.151048421859741, 'snorkel_run_after_fix': 16.985340356826782, 'solver_runtime': 0.4669017791748047, 'repair_time': 10.540338277816772}"
imdb,0.42778,0.57764,26729,"{'snorkel_first_run': 10.621851205825806, 'snorkel_run_after_fix': 18.416383028030396, 'solver_runtime': 0.5502657890319824, 'repair_time': 11.447357892990112}"
imdb,0.42778,0.53194,26729,"{'snorkel_first_run': 10.106661558151245, 'snorkel_run_after_fix': 16.23305106163025, 'solver_runtime': 0.5251052379608154, 'repair_time': 7.746504306793213}"
imdb,0.42778,0.50094,26729,"{'snorkel_first_run': 10.147629737854004, 'snorkel_run_after_fix': 18.167226314544678, 'solver_runtime': 0.5796806812286377, 'repair_time': 9.977874517440796}"
imdb,0.42778,0.56372,26729,"{'snorkel_first_run': 10.070923328399658, 'snorkel_run_after_fix': 18.46673321723938, 'solver_runtime': 0.659738302230835, 'repair_time': 5.84911847114563}"
imdb,0.42778,0.53996,26729,"{'snorkel_first_run': 9.952749967575073, 'snorkel_run_after_fix': 16.5327467918396, 'solver_runtime': 0.7090284824371338, 'repair_time': 7.215073823928833}"
imdb,0.42778,0.52234,26729,"{'snorkel_first_run': 10.476266145706177, 'snorkel_run_after_fix': 17.07865333557129, 'solver_runtime': 0.7559511661529541, 'repair_time': 12.906687021255493}"
imdb,0.42778,0.60656,26729,"{'snorkel_first_run': 14.178488492965698, 'snorkel_run_after_fix': 19.129136323928833, 'solver_runtime': 0.7504281997680664, 'repair_time': 7.216382265090942}"
imdb,0.42778,0.59578,26729,"{'snorkel_first_run': 10.24140453338623, 'snorkel_run_after_fix': 17.523776292800903, 'solver_runtime': 0.85076904296875, 'repair_time': 8.914003849029541}"
imdb,0.42778,0.60264,26729,"{'snorkel_first_run': 11.06756329536438, 'snorkel_run_after_fix': 17.223416805267334, 'solver_runtime': 0.6015467643737793, 'repair_time': 6.793627023696899}"
imdb,0.42778,0.55194,26729,"{'snorkel_first_run': 14.219682693481445, 'snorkel_run_after_fix': 22.640514135360718, 'solver_runtime': 0.5806691646575928, 'repair_time': 4.751339912414551}"
imdb,0.42778,0.58864,26729,"{'snorkel_first_run': 14.772440910339355, 'snorkel_run_after_fix': 25.3690025806427, 'solver_runtime': 0.486403226852417, 'repair_time': 8.035036087036133}"
imdb,0.42778,0.5564,26729,"{'snorkel_first_run': 10.509100914001465, 'snorkel_run_after_fix': 17.877418279647827, 'solver_runtime': 0.5292787551879883, 'repair_time': 6.4837257862091064}"
imdb,0.42778,0.65122,26729,"{'snorkel_first_run': 10.313809156417847, 'snorkel_run_after_fix': 23.57992720603943, 'solver_runtime': 0.9957535266876221, 'repair_time': 5.164051055908203}"
imdb,0.42778,0.61888,26729,"{'snorkel_first_run': 10.208175420761108, 'snorkel_run_after_fix': 22.86116099357605, 'solver_runtime': 1.1322200298309326, 'repair_time': 44.50043702125549}"
imdb,0.42778,0.6137,26729,"{'snorkel_first_run': 10.715002536773682, 'snorkel_run_after_fix': 21.253835678100586, 'solver_runtime': 1.2455739974975586, 'repair_time': 46.4870719909668}"
imdb,0.42778,0.58002,26729,"{'snorkel_first_run': 10.083672285079956, 'snorkel_run_after_fix': 21.08695363998413, 'solver_runtime': 1.2771270275115967, 'repair_time': 42.04167675971985}"
imdb,0.42778,0.5394,26729,"{'snorkel_first_run': 10.024061679840088, 'snorkel_run_after_fix': 20.553343534469604, 'solver_runtime': 1.265310287475586, 'repair_time': 55.541287422180176}"
imdb,0.42778,0.5446,26729,"{'snorkel_first_run': 14.196355819702148, 'snorkel_run_after_fix': 31.01137113571167, 'solver_runtime': 1.3619906902313232, 'repair_time': 42.381046295166016}"
imdb,0.42778,0.56034,26729,"{'snorkel_first_run': 131.5664336681366, 'snorkel_run_after_fix': 159.20771074295044, 'solver_runtime': 2.301403045654297, 'repair_time': 104.52868604660034}"
imdb,0.42778,0.57088,26729,"{'snorkel_first_run': 133.19607996940613, 'snorkel_run_after_fix': 160.28701376914978, 'solver_runtime': 3.4795022010803223, 'repair_time': 73.16711449623108}"
imdb,0.42778,0.61772,26729,"{'snorkel_first_run': 10.548194885253906, 'snorkel_run_after_fix': 22.007591247558594, 'solver_runtime': 1.153731346130371, 'repair_time': 30.06544542312622}"
imdb,0.42778,0.55976,26729,"{'snorkel_first_run': 10.694700717926025, 'snorkel_run_after_fix': 21.16944146156311, 'solver_runtime': 1.2425107955932617, 'repair_time': 27.40261197090149}"
imdb,0.42778,0.54134,26729,"{'snorkel_first_run': 14.32332968711853, 'snorkel_run_after_fix': 20.76873803138733, 'solver_runtime': 1.123676061630249, 'repair_time': 43.278852701187134}"
imdb,0.42778,0.5903,26729,"{'snorkel_first_run': 10.15380048751831, 'snorkel_run_after_fix': 22.15969204902649, 'solver_runtime': 1.2900190353393555, 'repair_time': 47.305743932724}"
imdb,0.42778,0.6285,26729,"{'snorkel_first_run': 14.505549192428589, 'snorkel_run_after_fix': 20.307564735412598, 'solver_runtime': 1.364626407623291, 'repair_time': 35.72667145729065}"
imdb,0.42778,0.60492,26729,"{'snorkel_first_run': 14.497002363204956, 'snorkel_run_after_fix': 27.391756296157837, 'solver_runtime': 2.133694648742676, 'repair_time': 220.45900654792786}"
imdb,0.42778,0.64812,26729,"{'snorkel_first_run': 10.02308440208435, 'snorkel_run_after_fix': 27.521494150161743, 'solver_runtime': 2.0474607944488525, 'repair_time': 233.2686858177185}"
imdb,0.42778,0.58362,26729,"{'snorkel_first_run': 129.55087614059448, 'snorkel_run_after_fix': 160.7099802494049, 'solver_runtime': 3.004730224609375, 'repair_time': 442.3287591934204}"
imdb,0.42778,0.6181,26729,"{'snorkel_first_run': 124.45142126083374, 'snorkel_run_after_fix': 155.95383882522583, 'solver_runtime': 3.2560958862304688, 'repair_time': 435.97305607795715}"
imdb,0.42778,0.59258,26729,"{'snorkel_first_run': 124.43024277687073, 'snorkel_run_after_fix': 163.10490655899048, 'solver_runtime': 3.5557141304016113, 'repair_time': 348.27602553367615}"
imdb,0.42778,0.63132,26729,"{'snorkel_first_run': 10.284541845321655, 'snorkel_run_after_fix': 38.36565542221069, 'solver_runtime': 2.9713709354400635, 'repair_time': 178.07913899421692}"
imdb,0.42778,0.56298,26729,"{'snorkel_first_run': 10.263250827789307, 'snorkel_run_after_fix': 27.42952561378479, 'solver_runtime': 2.546937942504883, 'repair_time': 171.391450881958}"
imdb,0.42778,0.61286,26729,"{'snorkel_first_run': 10.346243619918823, 'snorkel_run_after_fix': 26.423636198043823, 'solver_runtime': 2.619525194168091, 'repair_time': 200.6604824066162}"
imdb,0.42778,0.5891,26729,"{'snorkel_first_run': 180.0992467403412, 'snorkel_run_after_fix': 160.7959690093994, 'solver_runtime': 3.0964155197143555, 'repair_time': 473.0981135368347}"
imdb,0.42778,0.65098,26729,"{'snorkel_first_run': 123.40494155883789, 'snorkel_run_after_fix': 159.40141820907593, 'solver_runtime': 4.775228023529053, 'repair_time': 433.11133909225464}"
imdb,0.42778,0.62076,26729,"{'snorkel_first_run': 14.009639024734497, 'snorkel_run_after_fix': 28.955626487731934, 'solver_runtime': 3.3627920150756836, 'repair_time': 328.2642152309418}"
imdb,0.42778,0.62008,26729,"{'snorkel_first_run': 10.041234970092773, 'snorkel_run_after_fix': 28.27337884902954, 'solver_runtime': 2.9252164363861084, 'repair_time': 358.075808763504}"
imdb,0.42778,0.65666,26729,"{'snorkel_first_run': 11.562722444534302, 'snorkel_run_after_fix': 50.805675745010376, 'solver_runtime': 5.144407749176025, 'repair_time': 1238.585307598114}"
painter_architect,0.8519123896698267,0.8120300751879699,11597,"{'snorkel_first_run': 4.334971904754639, 'snorkel_run_after_fix': 6.524210214614868, 'solver_runtime': 0.5019025802612305, 'repair_time': 1.625324010848999}"
painter_architect,0.8519123896698267,0.8591042824452435,11597,"{'snorkel_first_run': 3.9146506786346436, 'snorkel_run_after_fix': 7.357288360595703, 'solver_runtime': 176.54888677597046, 'repair_time': 1.405385971069336}"
painter_architect,0.8519123896698267,0.8502778685845047,11597,"{'snorkel_first_run': 3.966017961502075, 'snorkel_run_after_fix': 8.458225011825562, 'solver_runtime': 0.6240088939666748, 'repair_time': 2.0260705947875977}"
painter_architect,0.8519123896698267,0.7011278195488722,11597,"{'snorkel_first_run': 5.449117422103882, 'snorkel_run_after_fix': 9.921188116073608, 'solver_runtime': 0.9314689636230469, 'repair_time': 1.3001208305358887}"
painter_architect,0.8519123896698267,0.8203661327231121,11597,"{'snorkel_first_run': 4.956216335296631, 'snorkel_run_after_fix': 6.5170605182647705, 'solver_runtime': 0.6617176532745361, 'repair_time': 1.495335340499878}"
painter_architect,0.8519123896698267,0.8765119320039229,11597,"{'snorkel_first_run': 3.9634876251220703, 'snorkel_run_after_fix': 6.949381589889526, 'solver_runtime': 0.7600224018096924, 'repair_time': 1.4411070346832275}"
painter_architect,0.8519123896698267,0.8223275580254985,11597,"{'snorkel_first_run': 4.328352928161621, 'snorkel_run_after_fix': 8.023300409317017, 'solver_runtime': 1.5876665115356445, 'repair_time': 1.4936192035675049}"
painter_architect,0.8519123896698267,0.8322981366459627,11597,"{'snorkel_first_run': 4.4706504344940186, 'snorkel_run_after_fix': 7.3634583950042725, 'solver_runtime': 0.8924710750579834, 'repair_time': 1.7766139507293701}"
painter_architect,0.8519123896698267,0.765527950310559,11597,"{'snorkel_first_run': 4.166861057281494, 'snorkel_run_after_fix': 6.712738990783691, 'solver_runtime': 0.8508388996124268, 'repair_time': 1.5752134323120117}"
painter_architect,0.8519123896698267,0.8648251062438705,11597,"{'snorkel_first_run': 4.452210903167725, 'snorkel_run_after_fix': 7.1691625118255615, 'solver_runtime': 0.6390585899353027, 'repair_time': 1.743070363998413}"
painter_architect,0.8519123896698267,0.8242072572736189,11597,"{'snorkel_first_run': 4.432345867156982, 'snorkel_run_after_fix': 7.2833709716796875, 'solver_runtime': 0.7641284465789795, 'repair_time': 1.5749177932739258}"
painter_architect,0.8519123896698267,0.760706113108859,11597,"{'snorkel_first_run': 3.9674594402313232, 'snorkel_run_after_fix': 6.526638984680176, 'solver_runtime': 0.6110439300537109, 'repair_time': 1.5187792778015137}"
painter_architect,0.8519123896698267,0.7625040863027133,11597,"{'snorkel_first_run': 4.290800333023071, 'snorkel_run_after_fix': 7.866370439529419, 'solver_runtime': 0.738717794418335, 'repair_time': 2.246424436569214}"
painter_architect,0.8519123896698267,0.8258417783589408,11597,"{'snorkel_first_run': 5.938999652862549, 'snorkel_run_after_fix': 7.085330009460449, 'solver_runtime': 0.7397356033325195, 'repair_time': 1.6685152053833008}"
painter_architect,0.8519123896698267,0.7751716247139588,11597,"{'snorkel_first_run': 4.605517864227295, 'snorkel_run_after_fix': 8.65874981880188, 'solver_runtime': 1.300335168838501, 'repair_time': 8.644922733306885}"
painter_architect,0.8519123896698267,0.8176691729323309,11597,"{'snorkel_first_run': 5.4372642040252686, 'snorkel_run_after_fix': 8.880846500396729, 'solver_runtime': 1.4635789394378662, 'repair_time': 9.657799243927002}"
painter_architect,0.8519123896698267,0.8148904870872834,11597,"{'snorkel_first_run': 4.341569185256958, 'snorkel_run_after_fix': 11.254006147384644, 'solver_runtime': 2.530367851257324, 'repair_time': 8.764157056808472}"
painter_architect,0.8519123896698267,0.8357306309251389,11597,"{'snorkel_first_run': 5.1681435108184814, 'snorkel_run_after_fix': 9.216981887817383, 'solver_runtime': 1.9231393337249756, 'repair_time': 8.184818983078003}"
painter_architect,0.8519123896698267,0.8628636809414841,11597,"{'snorkel_first_run': 175.54636764526367, 'snorkel_run_after_fix': 136.07274651527405, 'solver_runtime': 4.661706209182739, 'repair_time': 25.184884548187256}"
painter_architect,0.8519123896698267,0.7127329192546584,11597,"{'snorkel_first_run': 4.140476703643799, 'snorkel_run_after_fix': 8.589432716369629, 'solver_runtime': 1.4537200927734375, 'repair_time': 7.188095331192017}"
painter_architect,0.8519123896698267,0.8293559986923831,11597,"{'snorkel_first_run': 4.205662488937378, 'snorkel_run_after_fix': 9.360414028167725, 'solver_runtime': 1.2737398147583008, 'repair_time': 9.37296748161316}"
painter_architect,0.8519123896698267,0.7510624387054593,11597,"{'snorkel_first_run': 4.210925817489624, 'snorkel_run_after_fix': 12.563922643661499, 'solver_runtime': 1.5078580379486084, 'repair_time': 7.860487937927246}"
painter_architect,0.8519123896698267,0.713223275580255,11597,"{'snorkel_first_run': 4.375075340270996, 'snorkel_run_after_fix': 9.88173222541809, 'solver_runtime': 1.607048511505127, 'repair_time': 9.2490553855896}"
painter_architect,0.8519123896698267,0.8020594965675057,11597,"{'snorkel_first_run': 5.061660289764404, 'snorkel_run_after_fix': 12.807175636291504, 'solver_runtime': 1.46817946434021, 'repair_time': 11.282848119735718}"
painter_architect,0.8519123896698267,0.8779012749264465,11597,"{'snorkel_first_run': 5.4345738887786865, 'snorkel_run_after_fix': 12.786243915557861, 'solver_runtime': 3.4696149826049805, 'repair_time': 39.32892560958862}"
painter_architect,0.8519123896698267,0.8751225890813992,11597,"{'snorkel_first_run': 4.361372947692871, 'snorkel_run_after_fix': 10.836879014968872, 'solver_runtime': 15.047768354415894, 'repair_time': 38.65036869049072}"
painter_architect,0.8519123896698267,0.8271493952271984,11597,"{'snorkel_first_run': 112.64048457145691, 'snorkel_run_after_fix': 126.07248830795288, 'solver_runtime': 25.861981630325317, 'repair_time': 89.36431169509888}"
painter_architect,0.8519123896698267,0.8023864007845701,11597,"{'snorkel_first_run': 172.54667401313782, 'snorkel_run_after_fix': 130.600421667099, 'solver_runtime': 4.430927991867065, 'repair_time': 90.46606087684631}"
painter_architect,0.8519123896698267,0.8085975809087937,11597,"{'snorkel_first_run': 113.86287832260132, 'snorkel_run_after_fix': 124.84672546386719, 'solver_runtime': 4.922621011734009, 'repair_time': 62.223618030548096}"
painter_architect,0.8519123896698267,0.8443118666230794,11597,"{'snorkel_first_run': 4.042341470718384, 'snorkel_run_after_fix': 10.375310182571411, 'solver_runtime': 2.6652495861053467, 'repair_time': 33.34546661376953}"
painter_architect,0.8519123896698267,0.8678489702517163,11597,"{'snorkel_first_run': 4.279809474945068, 'snorkel_run_after_fix': 11.4804368019104, 'solver_runtime': 3.450493574142456, 'repair_time': 39.78008413314819}"
painter_architect,0.8519123896698267,0.7716574043805166,11597,"{'snorkel_first_run': 4.296211242675781, 'snorkel_run_after_fix': 11.545629978179932, 'solver_runtime': 3.230684518814087, 'repair_time': 39.646769762039185}"
painter_architect,0.8519123896698267,0.8057371690094802,11597,"{'snorkel_first_run': 119.64255356788635, 'snorkel_run_after_fix': 129.04061555862427, 'solver_runtime': 6.70111346244812, 'repair_time': 73.93853855133057}"
painter_architect,0.8519123896698267,0.83989865969271,11597,"{'snorkel_first_run': 113.00625514984131, 'snorkel_run_after_fix': 130.01415920257568, 'solver_runtime': 5.616607427597046, 'repair_time': 102.19238042831421}"
painter_architect,0.8519123896698267,0.8385093167701864,11597,"{'snorkel_first_run': 4.162242889404297, 'snorkel_run_after_fix': 2572.5786843299866, 'solver_runtime': 4.541966915130615, 'repair_time': 77.47729778289795}"
painter_architect,0.8519123896698267,0.8662961752206604,11597,"{'snorkel_first_run': 4.055310964584351, 'snorkel_run_after_fix': 12.966373682022095, 'solver_runtime': 4.086514949798584, 'repair_time': 102.2197425365448}"
painter_architect,0.8519123896698267,0.8286204642039883,11597,"{'snorkel_first_run': 137.3207700252533, 'snorkel_run_after_fix': 136.51666283607483, 'solver_runtime': 10.891602754592896, 'repair_time': 324.23278307914734}"
physician_professor,0.8123577355165578,0.8466847786181071,53357,"{'snorkel_first_run': 38.160112619400024, 'snorkel_run_after_fix': 53.679901123046875, 'solver_runtime': 1.0642902851104736, 'repair_time': 2.2669646739959717}"
physician_professor,0.8123577355165578,0.64619281885601,53357,"{'snorkel_first_run': 38.40346622467041, 'snorkel_run_after_fix': 56.09155464172363, 'solver_runtime': 1.523810863494873, 'repair_time': 2.742008686065674}"
physician_professor,0.8123577355165578,0.837616565092885,53357,"{'snorkel_first_run': 51.91802430152893, 'snorkel_run_after_fix': 77.91193771362305, 'solver_runtime': 1.3456628322601318, 'repair_time': 1.977809190750122}"
physician_professor,0.8123577355165578,0.8734855716278728,53357,"{'snorkel_first_run': 38.30598545074463, 'snorkel_run_after_fix': 56.04803276062012, 'solver_runtime': 1.2987921237945557, 'repair_time': 2.2162582874298096}"
physician_professor,0.8123577355165578,0.8491262207210515,53357,"{'snorkel_first_run': 38.082409381866455, 'snorkel_run_after_fix': 58.998050689697266, 'solver_runtime': 1.3280510902404785, 'repair_time': 1.6886613368988037}"
physician_professor,0.8123577355165578,0.8610947940377414,53357,"{'snorkel_first_run': 38.20092988014221, 'snorkel_run_after_fix': 62.281670570373535, 'solver_runtime': 2.1877286434173584, 'repair_time': 2.0386273860931396}"
physician_professor,0.8123577355165578,0.843545781628607,53357,"{'snorkel_first_run': 41.099135398864746, 'snorkel_run_after_fix': 80.15915822982788, 'solver_runtime': 1.34782075881958, 'repair_time': 2.9773809909820557}"
physician_professor,0.8123577355165578,0.8259600558043909,53357,"{'snorkel_first_run': 37.60045146942139, 'snorkel_run_after_fix': 54.59003186225891, 'solver_runtime': 1.2461316585540771, 'repair_time': 2.053147554397583}"
physician_professor,0.8123577355165578,0.8384793303473089,53357,"{'snorkel_first_run': 37.99779534339905, 'snorkel_run_after_fix': 63.57677340507507, 'solver_runtime': 1.8988521099090576, 'repair_time': 3.1589813232421875}"
physician_professor,0.8123577355165578,0.8639951538292092,53357,"{'snorkel_first_run': 38.610422134399414, 'snorkel_run_after_fix': 72.50951480865479, 'solver_runtime': 1.420149564743042, 'repair_time': 2.5821588039398193}"
physician_professor,0.8123577355165578,0.8205815404948968,53357,"{'snorkel_first_run': 39.31781363487244, 'snorkel_run_after_fix': 52.49175715446472, 'solver_runtime': 1.003587245941162, 'repair_time': 1.6744298934936523}"
physician_professor,0.8123577355165578,0.8429767236948381,53357,"{'snorkel_first_run': 38.99920320510864, 'snorkel_run_after_fix': 57.90688109397888, 'solver_runtime': 1.4506397247314453, 'repair_time': 2.8787524700164795}"
physician_professor,0.8123577355165578,0.8565056171525075,53357,"{'snorkel_first_run': 39.09095287322998, 'snorkel_run_after_fix': 53.368531942367554, 'solver_runtime': 1.019261121749878, 'repair_time': 2.149477243423462}"
physician_professor,0.8123577355165578,0.7985167780306924,53357,"{'snorkel_first_run': 39.27364253997803, 'snorkel_run_after_fix': 55.88075661659241, 'solver_runtime': 1.1088166236877441, 'repair_time': 3.479524850845337}"
physician_professor,0.8123577355165578,0.8827189955209633,53357,"{'snorkel_first_run': 53.89931631088257, 'snorkel_run_after_fix': 57.452396869659424, 'solver_runtime': 1.3878638744354248, 'repair_time': 2.0400917530059814}"
physician_professor,0.8123577355165578,0.8551105073793964,53357,"{'snorkel_first_run': 37.86122179031372, 'snorkel_run_after_fix': 67.73491597175598, 'solver_runtime': 2.7020585536956787, 'repair_time': 12.022441148757935}"
physician_professor,0.8123577355165578,0.8163594977604817,53357,"{'snorkel_first_run': 50.30349373817444, 'snorkel_run_after_fix': 91.36242818832397, 'solver_runtime': 2.826045513153076, 'repair_time': 8.98773455619812}"
physician_professor,0.8123577355165578,0.8360011748292826,53357,"{'snorkel_first_run': 39.77151656150818, 'snorkel_run_after_fix': 62.08561873435974, 'solver_runtime': 3.304678440093994, 'repair_time': 9.828503608703613}"
physician_professor,0.8123577355165578,0.8371943608194434,53357,"{'snorkel_first_run': 38.279279708862305, 'snorkel_run_after_fix': 60.91963291168213, 'solver_runtime': 2.998098611831665, 'repair_time': 8.657819509506226}"
physician_professor,0.8123577355165578,0.8143402599309788,53357,"{'snorkel_first_run': 38.42040038108826, 'snorkel_run_after_fix': 68.21519756317139, 'solver_runtime': 3.789663553237915, 'repair_time': 9.21568512916565}"
physician_professor,0.8123577355165578,0.7840700491959762,53357,"{'snorkel_first_run': 215.11667108535767, 'snorkel_run_after_fix': 290.121675491333, 'solver_runtime': 4.768245458602905, 'repair_time': 15.672082901000977}"
physician_professor,0.8123577355165578,0.8393604523092738,53357,"{'snorkel_first_run': 207.373544216156, 'snorkel_run_after_fix': 256.04055428504944, 'solver_runtime': 5.536365509033203, 'repair_time': 16.14560580253601}"
physician_professor,0.8123577355165578,0.8702547911006682,53357,"{'snorkel_first_run': 38.81375765800476, 'snorkel_run_after_fix': 66.53040432929993, 'solver_runtime': 7.703044891357422, 'repair_time': 10.404993772506714}"
physician_professor,0.8123577355165578,0.8565790439826713,53357,"{'snorkel_first_run': 39.16672158241272, 'snorkel_run_after_fix': 68.52942109107971, 'solver_runtime': 2.8699851036071777, 'repair_time': 8.743635892868042}"
physician_professor,0.8123577355165578,0.8311182906233938,53357,"{'snorkel_first_run': 40.39166879653931, 'snorkel_run_after_fix': 67.8929967880249, 'solver_runtime': 2.8989145755767822, 'repair_time': 12.333484172821045}"
physician_professor,0.8123577355165578,0.7692378295029003,53357,"{'snorkel_first_run': 49.4298415184021, 'snorkel_run_after_fix': 81.55486416816711, 'solver_runtime': 2.461601734161377, 'repair_time': 8.538399457931519}"
physician_professor,0.8123577355165578,0.8418936779499229,53357,"{'snorkel_first_run': 39.46034359931946, 'snorkel_run_after_fix': 65.570396900177, 'solver_runtime': 3.3686673641204834, 'repair_time': 7.365361928939819}"
physician_professor,0.8123577355165578,0.8260334826345547,53357,"{'snorkel_first_run': 38.83013439178467, 'snorkel_run_after_fix': 94.75010371208191, 'solver_runtime': 8.173371315002441, 'repair_time': 44.62137818336487}"
physician_professor,0.8123577355165578,0.8260334826345547,53357,"{'snorkel_first_run': 39.47125864028931, 'snorkel_run_after_fix': 69.87658166885376, 'solver_runtime': 7.979589939117432, 'repair_time': 53.08394503593445}"
physician_professor,0.8123577355165578,0.8298333210955283,53357,"{'snorkel_first_run': 38.97314381599426, 'snorkel_run_after_fix': 74.44321036338806, 'solver_runtime': 13.784575939178467, 'repair_time': 38.72708296775818}"
physician_professor,0.8123577355165578,0.868015272780674,53357,"{'snorkel_first_run': 197.1591935157776, 'snorkel_run_after_fix': 256.47061491012573, 'solver_runtime': 9.441048622131348, 'repair_time': 59.86761140823364}"
physician_professor,0.8123577355165578,0.8928702547911007,53357,"{'snorkel_first_run': 181.56056833267212, 'snorkel_run_after_fix': 250.44642233848572, 'solver_runtime': 10.896855115890503, 'repair_time': 110.63959097862244}"
physician_professor,0.8123577355165578,0.8885197151038989,53357,"{'snorkel_first_run': 39.46165060997009, 'snorkel_run_after_fix': 80.6611180305481, 'solver_runtime': 9.229377746582031, 'repair_time': 53.8898241519928}"
physician_professor,0.8123577355165578,0.8798186357294956,53357,"{'snorkel_first_run': 39.413039684295654, 'snorkel_run_after_fix': 78.93509149551392, 'solver_runtime': 9.18790316581726, 'repair_time': 42.74129009246826}"
physician_professor,0.8123577355165578,0.8582495043688964,53357,"{'snorkel_first_run': 39.91754078865051, 'snorkel_run_after_fix': 78.99233484268188, 'solver_runtime': 21.977645874023438, 'repair_time': 56.225897789001465}"
physician_professor,0.8123577355165578,0.8880240840002938,53357,"{'snorkel_first_run': 220.5433533191681, 'snorkel_run_after_fix': 263.57566118240356, 'solver_runtime': 10.995448589324951, 'repair_time': 100.64244055747986}"
physician_professor,0.8123577355165578,0.8872531022835745,53357,"{'snorkel_first_run': 192.23716259002686, 'snorkel_run_after_fix': 266.12717390060425, 'solver_runtime': 12.393190860748291, 'repair_time': 78.18537330627441}"
physician_professor,0.8123577355165578,0.8528893457669432,53357,"{'snorkel_first_run': 38.873456954956055, 'snorkel_run_after_fix': 76.91963481903076, 'solver_runtime': 11.55061388015747, 'repair_time': 81.92933535575867}"
physician_professor,0.8123577355165578,0.8518430134371099,53357,"{'snorkel_first_run': 37.758015394210815, 'snorkel_run_after_fix': 76.6190071105957, 'solver_runtime': 11.185431480407715, 'repair_time': 50.2486138343811}"
physician_professor,0.8123577355165578,0.8687311843747706,53357,"{'snorkel_first_run': 38.539194107055664, 'snorkel_run_after_fix': 109.16017293930054, 'solver_runtime': 78.6433310508728, 'repair_time': 341.04157876968384}"
plots,0.5529168817759422,0.6148683531233867,1461,"{'snorkel_first_run': 1.0542657375335693, 'snorkel_run_after_fix': 1.2772188186645508, 'solver_runtime': 0.65183424949646, 'repair_time': 0.906771183013916}"
plots,0.5529168817759422,0.6396489416623645,1461,"{'snorkel_first_run': 1.168776035308838, 'snorkel_run_after_fix': 1.5124444961547852, 'solver_runtime': 0.6791882514953613, 'repair_time': 1.699707269668579}"
plots,0.5529168817759422,0.6277749096541043,1461,"{'snorkel_first_run': 0.9884250164031982, 'snorkel_run_after_fix': 1.566312551498413, 'solver_runtime': 0.7808611392974854, 'repair_time': 0.9520149230957031}"
plots,0.5529168817759422,0.5090345895715023,1461,"{'snorkel_first_run': 1.1985840797424316, 'snorkel_run_after_fix': 2.2322847843170166, 'solver_runtime': 0.773719072341919, 'repair_time': 1.202324628829956}"
plots,0.5529168817759422,0.464119772844605,1461,"{'snorkel_first_run': 1.1557111740112305, 'snorkel_run_after_fix': 1.9956426620483398, 'solver_runtime': 0.880375862121582, 'repair_time': 1.124110460281372}"
plots,0.5529168817759422,0.6623644811564274,1461,"{'snorkel_first_run': 1.0688612461090088, 'snorkel_run_after_fix': 1.804792881011963, 'solver_runtime': 0.944185733795166, 'repair_time': 1.1457743644714355}"
plots,0.5529168817759422,0.6499741868869385,1461,"{'snorkel_first_run': 1.0317587852478027, 'snorkel_run_after_fix': 1.5849645137786865, 'solver_runtime': 0.9904689788818359, 'repair_time': 1.0558209419250488}"
plots,0.5529168817759422,0.6706246773360868,1461,"{'snorkel_first_run': 1.2338862419128418, 'snorkel_run_after_fix': 1.7975342273712158, 'solver_runtime': 0.9903454780578613, 'repair_time': 1.0659356117248535}"
plots,0.5529168817759422,0.5560144553433144,1461,"{'snorkel_first_run': 1.110377311706543, 'snorkel_run_after_fix': 1.7730655670166016, 'solver_runtime': 0.971992015838623, 'repair_time': 1.2285935878753662}"
plots,0.5529168817759422,0.6742385131646876,1461,"{'snorkel_first_run': 1.1985070705413818, 'snorkel_run_after_fix': 1.6391854286193848, 'solver_runtime': 0.9793977737426758, 'repair_time': 0.926659345626831}"
plots,0.5529168817759422,0.5642746515229736,1461,"{'snorkel_first_run': 0.978524923324585, 'snorkel_run_after_fix': 1.5007190704345703, 'solver_runtime': 0.7786757946014404, 'repair_time': 0.9273238182067871}"
plots,0.5529168817759422,0.5544656685596283,1461,"{'snorkel_first_run': 0.8916163444519043, 'snorkel_run_after_fix': 1.5165903568267822, 'solver_runtime': 0.7934796810150146, 'repair_time': 0.9993796348571777}"
plots,0.5529168817759422,0.7315436241610739,1461,"{'snorkel_first_run': 0.9028594493865967, 'snorkel_run_after_fix': 1.5098819732666016, 'solver_runtime': 1.0474603176116943, 'repair_time': 0.9871363639831543}"
plots,0.5529168817759422,0.6324212700051626,1461,"{'snorkel_first_run': 1.146601676940918, 'snorkel_run_after_fix': 1.7719602584838867, 'solver_runtime': 0.8084380626678467, 'repair_time': 1.607313632965088}"
plots,0.5529168817759422,0.5709860609189468,1461,"{'snorkel_first_run': 1.2953577041625977, 'snorkel_run_after_fix': 2.745980978012085, 'solver_runtime': 0.8135566711425781, 'repair_time': 0.926241397857666}"
plots,0.5529168817759422,0.6572018585441404,1461,"{'snorkel_first_run': 1.1849451065063477, 'snorkel_run_after_fix': 1.898334264755249, 'solver_runtime': 1.7125177383422852, 'repair_time': 4.698265075683594}"
plots,0.5529168817759422,0.6943727413526071,1461,"{'snorkel_first_run': 1.463958978652954, 'snorkel_run_after_fix': 2.3497791290283203, 'solver_runtime': 1.9312245845794678, 'repair_time': 6.9049155712127686}"
plots,0.5529168817759422,0.659783169850284,1461,"{'snorkel_first_run': 1.3713111877441406, 'snorkel_run_after_fix': 2.1868762969970703, 'solver_runtime': 1.9460382461547852, 'repair_time': 5.268421411514282}"
plots,0.5529168817759422,0.6313887454827052,1461,"{'snorkel_first_run': 1.3635215759277344, 'snorkel_run_after_fix': 2.574145793914795, 'solver_runtime': 1.8499855995178223, 'repair_time': 6.06408429145813}"
plots,0.5529168817759422,0.6587506453278266,1461,"{'snorkel_first_run': 1.4221620559692383, 'snorkel_run_after_fix': 2.995753288269043, 'solver_runtime': 2.0854368209838867, 'repair_time': 6.681161165237427}"
plots,0.5529168817759422,0.5348477026329376,1461,"{'snorkel_first_run': 112.52368998527527, 'snorkel_run_after_fix': 113.08149242401123, 'solver_runtime': 2.727116107940674, 'repair_time': 10.52029037475586}"
plots,0.5529168817759422,0.6773360867320599,1461,"{'snorkel_first_run': 118.25957727432251, 'snorkel_run_after_fix': 119.77254343032837, 'solver_runtime': 3.895655632019043, 'repair_time': 10.89057469367981}"
plots,0.5529168817759422,0.6670108415074858,1461,"{'snorkel_first_run': 1.2477343082427979, 'snorkel_run_after_fix': 2.433189868927002, 'solver_runtime': 1.726978063583374, 'repair_time': 7.553712368011475}"
plots,0.5529168817759422,0.6370676303562209,1461,"{'snorkel_first_run': 0.9773967266082764, 'snorkel_run_after_fix': 1.9586405754089355, 'solver_runtime': 2.297025203704834, 'repair_time': 7.081156015396118}"
plots,0.5529168817759422,0.6861125451729478,1461,"{'snorkel_first_run': 1.3709216117858887, 'snorkel_run_after_fix': 2.939605712890625, 'solver_runtime': 1.8455448150634766, 'repair_time': 5.854932546615601}"
plots,0.5529168817759422,0.66133195663397,1461,"{'snorkel_first_run': 1.0883488655090332, 'snorkel_run_after_fix': 2.689537286758423, 'solver_runtime': 1.8959050178527832, 'repair_time': 8.290568351745605}"
plots,0.5529168817759422,0.6948890036138359,1461,"{'snorkel_first_run': 1.0731871128082275, 'snorkel_run_after_fix': 2.154961109161377, 'solver_runtime': 1.7827227115631104, 'repair_time': 4.592037200927734}"
plots,0.5529168817759422,0.6830149716055757,1461,"{'snorkel_first_run': 0.8514213562011719, 'snorkel_run_after_fix': 2.6116878986358643, 'solver_runtime': 4.990774631500244, 'repair_time': 35.157498836517334}"
plots,0.5529168817759422,0.6830149716055757,1461,"{'snorkel_first_run': 0.8998560905456543, 'snorkel_run_after_fix': 2.2474582195281982, 'solver_runtime': 4.945141792297363, 'repair_time': 24.7957124710083}"
plots,0.5529168817759422,0.6830149716055757,1461,"{'snorkel_first_run': 0.8863856792449951, 'snorkel_run_after_fix': 2.545789957046509, 'solver_runtime': 5.019406318664551, 'repair_time': 25.457025289535522}"
plots,0.5529168817759422,0.7325761486835313,1461,"{'snorkel_first_run': 1.174485445022583, 'snorkel_run_after_fix': 2.6294028759002686, 'solver_runtime': 218.723557472229, 'repair_time': 33.569937229156494}"
plots,0.5529168817759422,0.7325761486835313,1461,"{'snorkel_first_run': 0.8985114097595215, 'snorkel_run_after_fix': 2.62109375, 'solver_runtime': 219.57192397117615, 'repair_time': 33.675055503845215}"
plots,0.5529168817759422,0.6835312338668044,1461,"{'snorkel_first_run': 1.0932753086090088, 'snorkel_run_after_fix': 2.5364015102386475, 'solver_runtime': 4.717122793197632, 'repair_time': 30.954931020736694}"
plots,0.5529168817759422,0.6804336602994321,1461,"{'snorkel_first_run': 125.25639939308167, 'snorkel_run_after_fix': 109.26016139984131, 'solver_runtime': 37.43033194541931, 'repair_time': 70.89929962158203}"
plots,0.5529168817759422,0.7021166752710377,1461,"{'snorkel_first_run': 106.42641234397888, 'snorkel_run_after_fix': 110.209641456604, 'solver_runtime': 6.397599935531616, 'repair_time': 74.48056387901306}"
plots,0.5529168817759422,0.7139907072792979,1461,"{'snorkel_first_run': 191.00327062606812, 'snorkel_run_after_fix': 207.75262188911438, 'solver_runtime': 6.569220542907715, 'repair_time': 73.59879446029663}"
plots,0.5529168817759422,0.6520392359318534,1461,"{'snorkel_first_run': 1.149247407913208, 'snorkel_run_after_fix': 2.7987890243530273, 'solver_runtime': 600.9066896438599, 'repair_time': 40.42450404167175}"
plots,0.5529168817759422,0.6814661848218895,1461,"{'snorkel_first_run': 1.2994954586029053, 'snorkel_run_after_fix': 2.396455764770508, 'solver_runtime': 47.562668561935425, 'repair_time': 24.95321297645569}"
plots,0.5529168817759422,0.7088280846670109,1461,"{'snorkel_first_run': 1.0354177951812744, 'snorkel_run_after_fix': 3.2625298500061035, 'solver_runtime': 4.7750043869018555, 'repair_time': 53.260172843933105}"
plots,0.5529168817759422,0.6778523489932886,1461,"{'snorkel_first_run': 110.49137997627258, 'snorkel_run_after_fix': 111.22260046005249, 'solver_runtime': 6.514051914215088, 'repair_time': 65.42817783355713}"
plots,0.5529168817759422,0.6633970056788848,1461,"{'snorkel_first_run': 106.11123061180115, 'snorkel_run_after_fix': 109.05063700675964, 'solver_runtime': 11.420872211456299, 'repair_time': 56.34181571006775}"
plots,0.5529168817759422,0.6907589055240062,1461,"{'snorkel_first_run': 0.9769198894500732, 'snorkel_run_after_fix': 2.8162543773651123, 'solver_runtime': 6.090080738067627, 'repair_time': 54.17340016365051}"
plots,0.5529168817759422,0.7005678884873515,1461,"{'snorkel_first_run': 0.9302175045013428, 'snorkel_run_after_fix': 3.417551040649414, 'solver_runtime': 600.6049647331238, 'repair_time': 64.11253046989441}"
plots,0.5529168817759422,0.6969540526587507,1461,"{'snorkel_first_run': 0.856863260269165, 'snorkel_run_after_fix': 3.913520574569702, 'solver_runtime': 26.697827339172363, 'repair_time': 237.44518876075745}"
professor_teacher,0.7592728160078087,0.6534081665853262,22296,"{'snorkel_first_run': 8.2127103805542, 'snorkel_run_after_fix': 11.634337663650513, 'solver_runtime': 0.5031907558441162, 'repair_time': 0.7467434406280518}"
professor_teacher,0.7592728160078087,0.5392061168049455,22296,"{'snorkel_first_run': 6.380239486694336, 'snorkel_run_after_fix': 10.30281686782837, 'solver_runtime': 0.6424589157104492, 'repair_time': 1.3345527648925781}"
professor_teacher,0.7592728160078087,0.7516268098259313,22296,"{'snorkel_first_run': 5.738511323928833, 'snorkel_run_after_fix': 10.33375072479248, 'solver_runtime': 0.5925228595733643, 'repair_time': 1.0900192260742188}"
professor_teacher,0.7592728160078087,0.7214494875549048,22296,"{'snorkel_first_run': 5.869465351104736, 'snorkel_run_after_fix': 9.71377420425415, 'solver_runtime': 0.5352737903594971, 'repair_time': 1.1438028812408447}"
professor_teacher,0.7592728160078087,0.7848950707662274,22296,"{'snorkel_first_run': 6.003339767456055, 'snorkel_run_after_fix': 10.821535348892212, 'solver_runtime': 1.0163016319274902, 'repair_time': 1.3280854225158691}"
professor_teacher,0.7592728160078087,0.7468683910850822,22296,"{'snorkel_first_run': 5.827970266342163, 'snorkel_run_after_fix': 10.358232736587524, 'solver_runtime': 1.4410719871520996, 'repair_time': 1.3520898818969727}"
professor_teacher,0.7592728160078087,0.7390190336749634,22296,"{'snorkel_first_run': 6.449594259262085, 'snorkel_run_after_fix': 9.36772632598877, 'solver_runtime': 0.6457204818725586, 'repair_time': 1.0767531394958496}"
professor_teacher,0.7592728160078087,0.75687327151456,22296,"{'snorkel_first_run': 5.638345956802368, 'snorkel_run_after_fix': 9.746747493743896, 'solver_runtime': 0.7411484718322754, 'repair_time': 1.3597936630249023}"
professor_teacher,0.7592728160078087,0.6621115991540589,22296,"{'snorkel_first_run': 5.933960199356079, 'snorkel_run_after_fix': 9.713640928268433, 'solver_runtime': 0.737701416015625, 'repair_time': 1.42104172706604}"
professor_teacher,0.7592728160078087,0.7529689279323247,22296,"{'snorkel_first_run': 7.851779460906982, 'snorkel_run_after_fix': 13.638543844223022, 'solver_runtime': 1.3044049739837646, 'repair_time': 1.612666368484497}"
professor_teacher,0.7592728160078087,0.6898487066861884,22296,"{'snorkel_first_run': 6.390685319900513, 'snorkel_run_after_fix': 11.432009220123291, 'solver_runtime': 1.2504124641418457, 'repair_time': 5.607604026794434}"
professor_teacher,0.7592728160078087,0.6737839596551163,22296,"{'snorkel_first_run': 7.7624125480651855, 'snorkel_run_after_fix': 11.900479316711426, 'solver_runtime': 9.090714931488037, 'repair_time': 5.092817068099976}"
professor_teacher,0.7592728160078087,0.7321457621604035,22296,"{'snorkel_first_run': 5.850867986679077, 'snorkel_run_after_fix': 15.47825002670288, 'solver_runtime': 1.2685611248016357, 'repair_time': 6.660013914108276}"
professor_teacher,0.7592728160078087,0.69810476655279,22296,"{'snorkel_first_run': 5.910952568054199, 'snorkel_run_after_fix': 11.4161536693573, 'solver_runtime': 2.6670758724212646, 'repair_time': 5.0194690227508545}"
professor_teacher,0.7592728160078087,0.7390190336749634,22296,"{'snorkel_first_run': 7.906797409057617, 'snorkel_run_after_fix': 15.895714044570923, 'solver_runtime': 1.582747459411621, 'repair_time': 5.715713024139404}"
professor_teacher,0.7592728160078087,0.731088335773548,22296,"{'snorkel_first_run': 124.39163780212402, 'snorkel_run_after_fix': 138.91532111167908, 'solver_runtime': 2.5319769382476807, 'repair_time': 17.451796293258667}"
professor_teacher,0.7592728160078087,0.6693915731251017,22296,"{'snorkel_first_run': 5.922691583633423, 'snorkel_run_after_fix': 14.836938619613647, 'solver_runtime': 2.0698282718658447, 'repair_time': 22.864627599716187}"
professor_teacher,0.7592728160078087,0.7548397592321457,22296,"{'snorkel_first_run': 5.880571603775024, 'snorkel_run_after_fix': 15.76110029220581, 'solver_runtime': 224.09141421318054, 'repair_time': 30.465304613113403}"
professor_teacher,0.7592728160078087,0.7483731901740687,22296,"{'snorkel_first_run': 128.45189952850342, 'snorkel_run_after_fix': 137.34915018081665, 'solver_runtime': 3.0780820846557617, 'repair_time': 68.72760438919067}"
professor_teacher,0.7592728160078087,0.7308036440540101,22296,"{'snorkel_first_run': 141.01463174819946, 'snorkel_run_after_fix': 203.57841062545776, 'solver_runtime': 601.9795413017273, 'repair_time': 69.45265817642212}"
professor_teacher,0.7592728160078087,0.7788758744102814,22296,"{'snorkel_first_run': 116.07927942276001, 'snorkel_run_after_fix': 133.89722061157227, 'solver_runtime': 4.068022012710571, 'repair_time': 64.74830031394958}"
professor_teacher,0.7592728160078087,0.7254758418740849,22296,"{'snorkel_first_run': 726.4637989997864, 'snorkel_run_after_fix': 15.44896411895752, 'solver_runtime': 3.013922929763794, 'repair_time': 49.60107970237732}"
professor_teacher,0.7592728160078087,0.7690336749633968,22296,"{'snorkel_first_run': 5.995760440826416, 'snorkel_run_after_fix': 18.61532425880432, 'solver_runtime': 5.219133615493774, 'repair_time': 35.793503761291504}"
spam,0.695944717221313,0.7157665030005456,4584,"{'snorkel_first_run': 2.2060725688934326, 'snorkel_run_after_fix': 5.989978075027466, 'solver_runtime': 3.0436360836029053, 'repair_time': 1.1132750511169434}"
spam,0.695944717221313,0.701582105837425,4584,"{'snorkel_first_run': 2.172382116317749, 'snorkel_run_after_fix': 5.586491346359253, 'solver_runtime': 1.525454044342041, 'repair_time': 1.2557289600372314}"
spam,0.695944717221313,0.811965811965812,4584,"{'snorkel_first_run': 2.3834798336029053, 'snorkel_run_after_fix': 4.501141309738159, 'solver_runtime': 5.230274200439453, 'repair_time': 0.6100692749023438}"
spam,0.695944717221313,0.8137843244226223,4584,"{'snorkel_first_run': 2.2691538333892822, 'snorkel_run_after_fix': 5.270800352096558, 'solver_runtime': 1.6915535926818848, 'repair_time': 1.1927587985992432}"
spam,0.695944717221313,0.7837788688852518,4584,"{'snorkel_first_run': 2.4010679721832275, 'snorkel_run_after_fix': 6.0934131145477295, 'solver_runtime': 3.139852523803711, 'repair_time': 0.9564487934112549}"
spam,0.695944717221313,0.756864884524459,4584,"{'snorkel_first_run': 2.3214943408966064, 'snorkel_run_after_fix': 4.933776378631592, 'solver_runtime': 1.4490952491760254, 'repair_time': 1.341081142425537}"
spam,0.695944717221313,0.7799599927259502,4584,"{'snorkel_first_run': 2.178997755050659, 'snorkel_run_after_fix': 6.249575853347778, 'solver_runtime': 3.4633147716522217, 'repair_time': 1.1205980777740479}"
spam,0.695944717221313,0.7537734133478814,4584,"{'snorkel_first_run': 2.159989833831787, 'snorkel_run_after_fix': 4.624162435531616, 'solver_runtime': 1.412024736404419, 'repair_time': 0.8182456493377686}"
spam,0.695944717221313,0.6704855428259684,4584,"{'snorkel_first_run': 2.165597915649414, 'snorkel_run_after_fix': 6.378014087677002, 'solver_runtime': 1.5270302295684814, 'repair_time': 0.9438347816467285}"
spam,0.695944717221313,0.7554100745590108,4584,"{'snorkel_first_run': 2.1555299758911133, 'snorkel_run_after_fix': 4.675084829330444, 'solver_runtime': 1.5931098461151123, 'repair_time': 0.8351361751556396}"
spam,0.695944717221313,0.657574104382615,4584,"{'snorkel_first_run': 2.2618656158447266, 'snorkel_run_after_fix': 5.405592679977417, 'solver_runtime': 1.3546433448791504, 'repair_time': 1.0429341793060303}"
spam,0.695944717221313,0.657574104382615,4584,"{'snorkel_first_run': 2.19575834274292, 'snorkel_run_after_fix': 5.754339933395386, 'solver_runtime': 1.410921335220337, 'repair_time': 1.0478196144104004}"
spam,0.695944717221313,0.7441352973267867,4584,"{'snorkel_first_run': 2.3103716373443604, 'snorkel_run_after_fix': 5.12616229057312, 'solver_runtime': 1.493990182876587, 'repair_time': 0.8243989944458008}"
spam,0.695944717221313,0.7441352973267867,4584,"{'snorkel_first_run': 2.1323041915893555, 'snorkel_run_after_fix': 5.3838160037994385, 'solver_runtime': 1.6091787815093994, 'repair_time': 0.8272514343261719}"
spam,0.695944717221313,0.790325513729769,4584,"{'snorkel_first_run': 2.1889288425445557, 'snorkel_run_after_fix': 4.714950084686279, 'solver_runtime': 2.134600877761841, 'repair_time': 0.9391751289367676}"
spam,0.695944717221313,0.790325513729769,4584,"{'snorkel_first_run': 2.339650869369507, 'snorkel_run_after_fix': 4.82172155380249, 'solver_runtime': 2.3285531997680664, 'repair_time': 0.9386608600616455}"
spam,0.695944717221313,0.6262956901254774,4584,"{'snorkel_first_run': 2.1794538497924805, 'snorkel_run_after_fix': 5.7076709270477295, 'solver_runtime': 1.538585901260376, 'repair_time': 1.0390045642852783}"
spam,0.695944717221313,0.6655755591925805,4584,"{'snorkel_first_run': 3.6138691902160645, 'snorkel_run_after_fix': 5.123732089996338, 'solver_runtime': 5.0348429679870605, 'repair_time': 0.9749667644500732}"
spam,0.695944717221313,0.679396253864339,4584,"{'snorkel_first_run': 2.4734301567077637, 'snorkel_run_after_fix': 7.424639701843262, 'solver_runtime': 4.0919928550720215, 'repair_time': 5.659881591796875}"
spam,0.695944717221313,0.7532278596108384,4584,"{'snorkel_first_run': 2.6212635040283203, 'snorkel_run_after_fix': 6.068112134933472, 'solver_runtime': 21.86226463317871, 'repair_time': 2.7905325889587402}"
spam,0.695944717221313,0.6599381705764684,4584,"{'snorkel_first_run': 2.711409568786621, 'snorkel_run_after_fix': 7.050740718841553, 'solver_runtime': 5.712562084197998, 'repair_time': 4.712215423583984}"
spam,0.695944717221313,0.6317512274959084,4584,"{'snorkel_first_run': 2.202152729034424, 'snorkel_run_after_fix': 6.779775142669678, 'solver_runtime': 28.596899032592773, 'repair_time': 5.808952808380127}"
spam,0.695944717221313,0.6773958901618476,4584,"{'snorkel_first_run': 2.319209098815918, 'snorkel_run_after_fix': 6.485069513320923, 'solver_runtime': 6.685993432998657, 'repair_time': 2.8964309692382812}"
spam,0.695944717221313,0.7415893798872523,4584,"{'snorkel_first_run': 3.893815040588379, 'snorkel_run_after_fix': 6.48640251159668, 'solver_runtime': 30.838273525238037, 'repair_time': 4.7179529666900635}"
spam,0.695944717221313,0.5995635570103656,4584,"{'snorkel_first_run': 3.0280754566192627, 'snorkel_run_after_fix': 8.752465009689331, 'solver_runtime': 5.422720193862915, 'repair_time': 5.638813734054565}"
spam,0.695944717221313,0.7119476268412439,4584,"{'snorkel_first_run': 2.4223225116729736, 'snorkel_run_after_fix': 5.970118284225464, 'solver_runtime': 3.5225019454956055, 'repair_time': 3.7861430644989014}"
spam,0.695944717221313,0.7334060738316057,4584,"{'snorkel_first_run': 2.807528257369995, 'snorkel_run_after_fix': 10.115412473678589, 'solver_runtime': 22.103243112564087, 'repair_time': 18.229759454727173}"
spam,0.695944717221313,0.7064920894708129,4584,"{'snorkel_first_run': 2.3459224700927734, 'snorkel_run_after_fix': 10.091715335845947, 'solver_runtime': 11.932960271835327, 'repair_time': 24.37650203704834}"
spam,0.695944717221313,0.7888707037643208,4584,"{'snorkel_first_run': 107.54108953475952, 'snorkel_run_after_fix': 115.68435192108154, 'solver_runtime': 12.695808410644531, 'repair_time': 27.2429141998291}"
spam,0.695944717221313,0.7592289507183124,4584,"{'snorkel_first_run': 110.04451632499695, 'snorkel_run_after_fix': 121.6285011768341, 'solver_runtime': 11.689019441604614, 'repair_time': 34.359458684921265}"
spam,0.695944717221313,0.6786688488816148,4584,"{'snorkel_first_run': 2.277557611465454, 'snorkel_run_after_fix': 7.629938364028931, 'solver_runtime': 600.9892771244049, 'repair_time': 17.934659242630005}"
spam,0.695944717221313,0.6590289143480633,4584,"{'snorkel_first_run': 2.9517741203308105, 'snorkel_run_after_fix': 7.370816946029663, 'solver_runtime': 21.561366319656372, 'repair_time': 13.495731830596924}"
spam,0.695944717221313,0.7492271322058556,4584,"{'snorkel_first_run': 176.29386043548584, 'snorkel_run_after_fix': 120.03170847892761, 'solver_runtime': 603.3743662834167, 'repair_time': 28.32537269592285}"
spam,0.695944717221313,0.7384979087106747,4584,"{'snorkel_first_run': 255.31723165512085, 'snorkel_run_after_fix': 8.11780309677124, 'solver_runtime': 28.0182147026062, 'repair_time': 24.128272533416748}"
spam,0.695944717221313,0.7830514639025278,4584,"{'snorkel_first_run': 112.8180878162384, 'snorkel_run_after_fix': 13.320857048034668, 'solver_runtime': 603.6631295681, 'repair_time': 94.6306471824646}"
tweets,0.5440920181247821,0.6428197978389683,10528,"{'snorkel_first_run': 4.767862319946289, 'snorkel_run_after_fix': 9.532153129577637, 'solver_runtime': 1.9110252857208252, 'repair_time': 0.7012324333190918}"
tweets,0.5440920181247821,0.6096200766817707,10528,"{'snorkel_first_run': 5.563410997390747, 'snorkel_run_after_fix': 8.668728590011597, 'solver_runtime': 1.3365638256072998, 'repair_time': 0.5522160530090332}"
tweets,0.5440920181247821,0.765074939003137,10528,"{'snorkel_first_run': 4.236371755599976, 'snorkel_run_after_fix': 9.601458549499512, 'solver_runtime': 1.3629918098449707, 'repair_time': 0.7477543354034424}"
tweets,0.5440920181247821,0.7278668525618682,10528,"{'snorkel_first_run': 4.328292608261108, 'snorkel_run_after_fix': 10.740372657775879, 'solver_runtime': 1.3402585983276367, 'repair_time': 1.0981571674346924}"
tweets,0.5440920181247821,0.7852910421749738,10528,"{'snorkel_first_run': 4.622753143310547, 'snorkel_run_after_fix': 10.407397985458374, 'solver_runtime': 1.472003698348999, 'repair_time': 1.132889986038208}"
tweets,0.5440920181247821,0.5577727431160683,10528,"{'snorkel_first_run': 4.229877948760986, 'snorkel_run_after_fix': 10.660566329956055, 'solver_runtime': 2.51301908493042, 'repair_time': 1.0144565105438232}"
tweets,0.5440920181247821,0.5186476124085047,10528,"{'snorkel_first_run': 4.208045959472656, 'snorkel_run_after_fix': 10.43013310432434, 'solver_runtime': 40.351677656173706, 'repair_time': 1.2446398735046387}"
tweets,0.5440920181247821,0.5811258278145696,10528,"{'snorkel_first_run': 4.324190378189087, 'snorkel_run_after_fix': 11.316131830215454, 'solver_runtime': 1.4905076026916504, 'repair_time': 0.9602749347686768}"
tweets,0.5440920181247821,0.5502788428023702,10528,"{'snorkel_first_run': 4.123222827911377, 'snorkel_run_after_fix': 11.483935832977295, 'solver_runtime': 5.930182218551636, 'repair_time': 0.7961759567260742}"
tweets,0.5440920181247821,0.6219937260369467,10528,"{'snorkel_first_run': 5.686845064163208, 'snorkel_run_after_fix': 11.564692258834839, 'solver_runtime': 3.5882461071014404, 'repair_time': 1.0265564918518066}"
tweets,0.5440920181247821,0.7149703729522482,10528,"{'snorkel_first_run': 4.391537666320801, 'snorkel_run_after_fix': 8.800111532211304, 'solver_runtime': 1.1767523288726807, 'repair_time': 0.5462226867675781}"
tweets,0.5440920181247821,0.6882188915998606,10528,"{'snorkel_first_run': 4.645758628845215, 'snorkel_run_after_fix': 12.708181381225586, 'solver_runtime': 1.257467269897461, 'repair_time': 1.0409369468688965}"
tweets,0.5440920181247821,0.8062042523527362,10528,"{'snorkel_first_run': 4.526034593582153, 'snorkel_run_after_fix': 9.507729530334473, 'solver_runtime': 1.3966286182403564, 'repair_time': 0.7175233364105225}"
tweets,0.5440920181247821,0.5735447891251307,10528,"{'snorkel_first_run': 4.2774271965026855, 'snorkel_run_after_fix': 9.902213096618652, 'solver_runtime': 1.6044790744781494, 'repair_time': 0.6463589668273926}"
tweets,0.5440920181247821,0.655019170442663,10528,"{'snorkel_first_run': 4.77552342414856, 'snorkel_run_after_fix': 8.643153190612793, 'solver_runtime': 1.4047560691833496, 'repair_time': 0.8752915859222412}"
tweets,0.5440920181247821,0.5948065528058557,10528,"{'snorkel_first_run': 4.264765024185181, 'snorkel_run_after_fix': 12.256065368652344, 'solver_runtime': 11.179785013198853, 'repair_time': 3.7704176902770996}"
tweets,0.5440920181247821,0.6833391425583827,10528,"{'snorkel_first_run': 5.096906423568726, 'snorkel_run_after_fix': 12.44303297996521, 'solver_runtime': 5.00145149230957, 'repair_time': 3.35144305229187}"
tweets,0.5440920181247821,0.6878703380968979,10528,"{'snorkel_first_run': 4.484796047210693, 'snorkel_run_after_fix': 15.598415851593018, 'solver_runtime': 38.19538331031799, 'repair_time': 4.328731060028076}"
tweets,0.5440920181247821,0.7667305681422099,10528,"{'snorkel_first_run': 5.973748683929443, 'snorkel_run_after_fix': 17.445893049240112, 'solver_runtime': 5.530997276306152, 'repair_time': 3.3897900581359863}"
tweets,0.5440920181247821,0.7466887417218543,10528,"{'snorkel_first_run': 4.710810661315918, 'snorkel_run_after_fix': 13.848469257354736, 'solver_runtime': 4.447130441665649, 'repair_time': 4.968085050582886}"
tweets,0.5440920181247821,0.5967235970721506,10528,"{'snorkel_first_run': 123.29385566711426, 'snorkel_run_after_fix': 148.49158787727356, 'solver_runtime': 16.154956340789795, 'repair_time': 8.737499713897705}"
tweets,0.5440920181247821,0.7140118508191007,10528,"{'snorkel_first_run': 4.3373754024505615, 'snorkel_run_after_fix': 9.98397970199585, 'solver_runtime': 3.1828653812408447, 'repair_time': 2.398110866546631}"
tweets,0.5440920181247821,0.6712269083304288,10528,"{'snorkel_first_run': 4.568826198577881, 'snorkel_run_after_fix': 14.075075149536133, 'solver_runtime': 2.9707376956939697, 'repair_time': 4.510898590087891}"
tweets,0.5440920181247821,0.7132276054374347,10528,"{'snorkel_first_run': 4.300171613693237, 'snorkel_run_after_fix': 14.105403184890747, 'solver_runtime': 3.1010353565216064, 'repair_time': 4.310968399047852}"
tweets,0.5440920181247821,0.704252352736145,10528,"{'snorkel_first_run': 4.323936700820923, 'snorkel_run_after_fix': 11.456057071685791, 'solver_runtime': 6.886711597442627, 'repair_time': 4.753668546676636}"
tweets,0.5440920181247821,0.5834785639595678,10528,"{'snorkel_first_run': 4.455320119857788, 'snorkel_run_after_fix': 15.11621642112732, 'solver_runtime': 2.9424550533294678, 'repair_time': 4.2182652950286865}"
tweets,0.5440920181247821,0.7056465667479959,10528,"{'snorkel_first_run': 4.148423671722412, 'snorkel_run_after_fix': 14.682150840759277, 'solver_runtime': 7.7410547733306885, 'repair_time': 17.047893285751343}"
tweets,0.5440920181247821,0.6773265946322761,10528,"{'snorkel_first_run': 4.9159462451934814, 'snorkel_run_after_fix': 15.509980201721191, 'solver_runtime': 129.99563813209534, 'repair_time': 16.630552053451538}"
tweets,0.5440920181247821,0.6110142906936215,10528,"{'snorkel_first_run': 112.92912411689758, 'snorkel_run_after_fix': 156.08743953704834, 'solver_runtime': 11.730262041091919, 'repair_time': 49.745423316955566}"
tweets,0.5440920181247821,0.6605088881143255,10528,"{'snorkel_first_run': 112.28048205375671, 'snorkel_run_after_fix': 138.22307229042053, 'solver_runtime': 11.898640394210815, 'repair_time': 96.68278622627258}"
tweets,0.5440920181247821,0.7269954688044615,10528,"{'snorkel_first_run': 115.63928413391113, 'snorkel_run_after_fix': 142.08971643447876, 'solver_runtime': 26.0625102519989, 'repair_time': 39.90361285209656}"
tweets,0.5440920181247821,0.6056988497734402,10528,"{'snorkel_first_run': 4.447166442871094, 'snorkel_run_after_fix': 14.111011743545532, 'solver_runtime': 7.869204759597778, 'repair_time': 14.187461376190186}"
tweets,0.5440920181247821,0.7084349947716975,10528,"{'snorkel_first_run': 4.2250449657440186, 'snorkel_run_after_fix': 16.276738166809082, 'solver_runtime': 190.82073259353638, 'repair_time': 25.29568123817444}"
tweets,0.5440920181247821,0.7289125130707563,10528,"{'snorkel_first_run': 5.22914719581604, 'snorkel_run_after_fix': 16.838600158691406, 'solver_runtime': 171.20851039886475, 'repair_time': 18.300451040267944}"
tweets,0.5440920181247821,0.7124433600557686,10528,"{'snorkel_first_run': 115.21670007705688, 'snorkel_run_after_fix': 147.91270804405212, 'solver_runtime': 10.671286344528198, 'repair_time': 43.5917854309082}"
tweets,0.5440920181247821,0.5934994771697456,10528,"{'snorkel_first_run': 1455.7238800525665, 'snorkel_run_after_fix': 17.54570960998535, 'solver_runtime': 85.969801902771, 'repair_time': 31.426652669906616}"
tweets,0.5440920181247821,0.6577204600906239,10528,"{'snorkel_first_run': 4.4231178760528564, 'snorkel_run_after_fix': 19.377387285232544, 'solver_runtime': 12.478315353393555, 'repair_time': 31.710373401641846}"
tweets,0.5440920181247821,0.7535726734053677,10528,"{'snorkel_first_run': 116.64667177200317, 'snorkel_run_after_fix': 151.4054253101349, 'solver_runtime': 43.191840410232544, 'repair_time': 155.51245856285095}"
yelp,0.5345858915913463,0.5799625813591927,25590,"{'snorkel_first_run': 7.575613498687744, 'snorkel_run_after_fix': 14.628352880477905, 'solver_runtime': 0.617539644241333, 'repair_time': 4.488415718078613}"
yelp,0.5345858915913463,0.556272892566339,25590,"{'snorkel_first_run': 7.655090808868408, 'snorkel_run_after_fix': 13.622827529907227, 'solver_runtime': 0.7317123413085938, 'repair_time': 5.36632513999939}"
yelp,0.5345858915913463,0.6084218292972147,25590,"{'snorkel_first_run': 7.4354248046875, 'snorkel_run_after_fix': 15.734201669692993, 'solver_runtime': 0.7344970703125, 'repair_time': 5.107932806015015}"
yelp,0.5345858915913463,0.5541648001264855,25590,"{'snorkel_first_run': 7.308341026306152, 'snorkel_run_after_fix': 14.830254316329956, 'solver_runtime': 0.659182071685791, 'repair_time': 6.2720067501068115}"
yelp,0.5345858915913463,0.6378824211441672,25590,"{'snorkel_first_run': 7.414655447006226, 'snorkel_run_after_fix': 14.988916635513306, 'solver_runtime': 0.709867000579834, 'repair_time': 4.042452096939087}"
yelp,0.5345858915913463,0.5619647421539434,25590,"{'snorkel_first_run': 7.858196258544922, 'snorkel_run_after_fix': 15.44339632987976, 'solver_runtime': 0.7806596755981445, 'repair_time': 6.596952199935913}"
yelp,0.5345858915913463,0.5577485572742364,25590,"{'snorkel_first_run': 7.3522748947143555, 'snorkel_run_after_fix': 13.577994108200073, 'solver_runtime': 0.8841836452484131, 'repair_time': 3.620884895324707}"
yelp,0.5345858915913463,0.5888956230730718,25590,"{'snorkel_first_run': 7.937582969665527, 'snorkel_run_after_fix': 16.58382511138916, 'solver_runtime': 0.7713990211486816, 'repair_time': 6.111725330352783}"
yelp,0.5345858915913463,0.6088697989406836,25590,"{'snorkel_first_run': 7.476505994796753, 'snorkel_run_after_fix': 16.737165212631226, 'solver_runtime': 0.8613111972808838, 'repair_time': 4.964473247528076}"
yelp,0.5345858915913463,0.4777200980262984,25590,"{'snorkel_first_run': 7.462528228759766, 'snorkel_run_after_fix': 15.408735275268555, 'solver_runtime': 0.8878920078277588, 'repair_time': 5.392776966094971}"
yelp,0.5345858915913463,0.5544283116814672,25590,"{'snorkel_first_run': 10.449789762496948, 'snorkel_run_after_fix': 16.091278076171875, 'solver_runtime': 0.5781023502349854, 'repair_time': 5.027097940444946}"
yelp,0.5345858915913463,0.5072070410287491,25590,"{'snorkel_first_run': 7.760187149047852, 'snorkel_run_after_fix': 20.196604251861572, 'solver_runtime': 0.6256008148193359, 'repair_time': 7.196361303329468}"
yelp,0.5345858915913463,0.6178818941210572,25590,"{'snorkel_first_run': 7.75550651550293, 'snorkel_run_after_fix': 15.369541645050049, 'solver_runtime': 0.7232592105865479, 'repair_time': 4.907077074050903}"
yelp,0.5345858915913463,0.6129278768874015,25590,"{'snorkel_first_run': 7.624891996383667, 'snorkel_run_after_fix': 15.61263632774353, 'solver_runtime': 0.7209393978118896, 'repair_time': 7.125563859939575}"
yelp,0.5345858915913463,0.5797517721152072,25590,"{'snorkel_first_run': 7.90610671043396, 'snorkel_run_after_fix': 18.549591541290283, 'solver_runtime': 0.7726225852966309, 'repair_time': 5.502705335617065}"
yelp,0.5345858915913463,0.5253893383224855,25590,"{'snorkel_first_run': 7.464592695236206, 'snorkel_run_after_fix': 18.42392134666443, 'solver_runtime': 1.414458990097046, 'repair_time': 27.669793605804443}"
yelp,0.5345858915913463,0.5788558328282695,25590,"{'snorkel_first_run': 10.292259216308594, 'snorkel_run_after_fix': 24.506515502929688, 'solver_runtime': 1.5360839366912842, 'repair_time': 33.912827491760254}"
yelp,0.5345858915913463,0.6151413739492477,25590,"{'snorkel_first_run': 9.007773637771606, 'snorkel_run_after_fix': 19.39461660385132, 'solver_runtime': 1.8968391418457031, 'repair_time': 30.064866065979004}"
yelp,0.5345858915913463,0.647711402144984,25590,"{'snorkel_first_run': 11.410736083984375, 'snorkel_run_after_fix': 18.882721424102783, 'solver_runtime': 1.6491804122924805, 'repair_time': 33.70920729637146}"
yelp,0.5345858915913463,0.6334027247094786,25590,"{'snorkel_first_run': 7.534198045730591, 'snorkel_run_after_fix': 25.081592082977295, 'solver_runtime': 1.4495189189910889, 'repair_time': 24.760669708251953}"
yelp,0.5345858915913463,0.600964452291233,25590,"{'snorkel_first_run': 125.03072714805603, 'snorkel_run_after_fix': 145.05393147468567, 'solver_runtime': 2.8229007720947266, 'repair_time': 70.92092752456665}"
yelp,0.5345858915913463,0.5469972858309837,25590,"{'snorkel_first_run': 10.429099798202515, 'snorkel_run_after_fix': 28.145991325378418, 'solver_runtime': 1.8616011142730713, 'repair_time': 26.400148391723633}"
yelp,0.5345858915913463,0.5885003557405992,25590,"{'snorkel_first_run': 7.603068828582764, 'snorkel_run_after_fix': 20.478205680847168, 'solver_runtime': 2.401693344116211, 'repair_time': 52.11304187774658}"
yelp,0.5345858915913463,0.6096076312946322,25590,"{'snorkel_first_run': 7.5489771366119385, 'snorkel_run_after_fix': 19.45392417907715, 'solver_runtime': 1.4198813438415527, 'repair_time': 20.917837858200073}"
yelp,0.5345858915913463,0.5905557458694564,25590,"{'snorkel_first_run': 7.851321220397949, 'snorkel_run_after_fix': 27.760421991348267, 'solver_runtime': 1.4936895370483398, 'repair_time': 30.35291361808777}"
yelp,0.5345858915913463,0.6493188226303723,25590,"{'snorkel_first_run': 7.659238815307617, 'snorkel_run_after_fix': 17.152712106704712, 'solver_runtime': 1.513504981994629, 'repair_time': 30.63914203643799}"
yelp,0.5345858915913463,0.5862341563677568,25590,"{'snorkel_first_run': 7.492006301879883, 'snorkel_run_after_fix': 30.826047658920288, 'solver_runtime': 9.251587867736816, 'repair_time': 110.37564754486084}"
yelp,0.5345858915913463,0.6180927033650425,25590,"{'snorkel_first_run': 7.590119123458862, 'snorkel_run_after_fix': 23.9683837890625, 'solver_runtime': 5.27855110168457, 'repair_time': 113.50881552696228}"
yelp,0.5345858915913463,0.6035995678410498,25590,"{'snorkel_first_run': 116.45493388175964, 'snorkel_run_after_fix': 171.72718954086304, 'solver_runtime': 37.470738649368286, 'repair_time': 287.05074286460876}"
yelp,0.5345858915913463,0.6293973490737569,25590,"{'snorkel_first_run': 2597.2596814632416, 'snorkel_run_after_fix': 202.6165862083435, 'solver_runtime': 601.8588526248932, 'repair_time': 379.52144980430603}"
yelp,0.5345858915913463,0.6298716698727239,25590,"{'snorkel_first_run': 201.6496479511261, 'snorkel_run_after_fix': 149.3963315486908, 'solver_runtime': 4.447113513946533, 'repair_time': 267.77772426605225}"
yelp,0.5345858915913463,0.6791483306542991,25590,"{'snorkel_first_run': 7.601949691772461, 'snorkel_run_after_fix': 25.90362238883972, 'solver_runtime': 432.0752501487732, 'repair_time': 109.72282648086548}"
yelp,0.5345858915913463,0.5875517141426652,25590,"{'snorkel_first_run': 7.734083652496338, 'snorkel_run_after_fix': 23.982097387313843, 'solver_runtime': 600.7652235031128, 'repair_time': 148.42022848129272}"
yelp,0.5345858915913463,0.6631004769559146,25590,"{'snorkel_first_run': 7.781092882156372, 'snorkel_run_after_fix': 24.506831407546997, 'solver_runtime': 600.6550567150116, 'repair_time': 77.57536458969116}"
yelp,0.5345858915913463,0.5961421908350681,25590,"{'snorkel_first_run': 188.63033437728882, 'snorkel_run_after_fix': 158.76213335990906, 'solver_runtime': 9.974920272827148, 'repair_time': 336.56413078308105}"
yelp,0.5345858915913463,0.6337716408864529,25590,"{'snorkel_first_run': 199.36954879760742, 'snorkel_run_after_fix': 160.51953554153442, 'solver_runtime': 6.9009575843811035, 'repair_time': 423.1503300666809}"
yelp,0.5345858915913463,0.6200953911829034,25590,"{'snorkel_first_run': 7.681720733642578, 'snorkel_run_after_fix': 23.983992099761963, 'solver_runtime': 600.7855627536774, 'repair_time': 189.81874704360962}"
yelp,0.5345858915913463,0.6108724867585443,25590,"{'snorkel_first_run': 11.639989376068115, 'snorkel_run_after_fix': 27.879509925842285, 'solver_runtime': 600.3871109485626, 'repair_time': 258.3851327896118}"
yelp,0.5345858915913463,0.6465256001475664,25590,"{'snorkel_first_run': 112.40469455718994, 'snorkel_run_after_fix': 215.80944418907166, 'solver_runtime': 9.226332426071167, 'repair_time': 1052.443899154663}"
