dataset_name,before_fix_global_accuracy,new_global_accuracy,user_input_size,repair_time,min_non_abstain_thresh,random_state,confirm_prev_rate,complain_fix_rate,global_accuracy_on_valid_data,new_global_accuracy_on_valid,valid_global_data_size,new_valid_global_data_size,runtimes,optimal_objective_value,avg_tree_depth,tree_cnt_after_fix,avg_tree_size,runtime_total,lf_acc_thresh,instance_acc_thresh
agnews,0.5437,0.64855,40,5.543812990188599,0.8,1,1.0,1.0,0.8099612672559341,0.64855,40276,60000,"{'snorkel_first_run': 23.576181411743164, 'snorkel_run_after_fix': 50.217703342437744, 'solver_runtime': 1.4158709049224854, 'repair_time': 5.543812990188599}",257.0,9.0,9,20.77777777777778,80.75356864929199,0.7,0.8
agnews,0.5437,0.5816,40,7.733010292053223,0.8,2,1.0,0.95,0.8099612672559341,0.5816,40276,60000,"{'snorkel_first_run': 17.881889820098877, 'snorkel_run_after_fix': 59.81492853164673, 'solver_runtime': 1.5972869396209717, 'repair_time': 7.733010292053223}",254.0,9.444444444444445,9,21.22222222222222,87.0271155834198,0.7,0.8
agnews,0.5437,0.6575333333333333,40,5.793734550476074,0.8,3,1.0,1.0,0.8099612672559341,0.6575333333333333,40276,60000,"{'snorkel_first_run': 17.653141021728516, 'snorkel_run_after_fix': 46.352476835250854, 'solver_runtime': 1.638627052307129, 'repair_time': 5.793734550476074}",262.0,9.666666666666666,9,21.88888888888889,71.43797945976257,0.7,0.8
agnews,0.5437,0.6297833333333334,40,5.508772850036621,0.8,4,0.95,1.0,0.8099612672559341,0.6297833333333334,40276,60000,"{'snorkel_first_run': 18.27227759361267, 'snorkel_run_after_fix': 47.09611892700195, 'solver_runtime': 1.6501538753509521, 'repair_time': 5.508772850036621}",256.0,7.333333333333333,9,14.555555555555555,72.5273232460022,0.7,0.8
agnews,0.5437,0.6221166666666667,40,5.365118741989136,0.8,5,1.0,1.0,0.8099612672559341,0.6221166666666667,40276,60000,"{'snorkel_first_run': 17.290926456451416, 'snorkel_run_after_fix': 43.3761773109436, 'solver_runtime': 1.6475729942321777, 'repair_time': 5.365118741989136}",265.0,9.444444444444445,9,21.22222222222222,67.67979550361633,0.7,0.8
agnews,0.5437,0.6375666666666666,40,13.619638681411743,0.8,6,1.0,1.0,0.8099612672559341,0.6375666666666666,40276,60000,"{'snorkel_first_run': 149.00882148742676, 'snorkel_run_after_fix': 221.03956580162048, 'solver_runtime': 2.3418946266174316, 'repair_time': 13.619638681411743}",264.0,9.22222222222222,9,21.0,386.0099205970764,0.7,0.8
agnews,0.5437,0.5775666666666667,40,10.385576009750366,0.8,7,1.0,1.0,0.8099612672559341,0.5775666666666667,40276,60000,"{'snorkel_first_run': 163.38500332832336, 'snorkel_run_after_fix': 217.8253571987152, 'solver_runtime': 3.446528911590576, 'repair_time': 10.385576009750366}",259.0,9.22222222222222,9,21.0,395.0424654483795,0.7,0.8
agnews,0.5437,0.7028333333333333,40,5.882897138595581,0.8,11,1.0,1.0,0.8099612672559341,0.7028333333333333,40276,60000,"{'snorkel_first_run': 17.106882095336914, 'snorkel_run_after_fix': 45.71952986717224, 'solver_runtime': 1.4138047695159912, 'repair_time': 5.882897138595581}",262.0,9.666666666666666,9,22.11111111111111,70.12311387062073,0.7,0.8
agnews,0.5437,0.6612833333333333,40,5.028382778167725,0.8,12,0.9,1.0,0.8099612672559341,0.6612833333333333,40276,60000,"{'snorkel_first_run': 23.82436990737915, 'snorkel_run_after_fix': 41.067631244659424, 'solver_runtime': 1.504882574081421, 'repair_time': 5.028382778167725}",265.0,7.888888888888889,9,18.55555555555556,71.42526650428772,0.7,0.8
agnews,0.5437,0.6697833333333333,40,7.789999485015869,0.8,13,0.9,0.85,0.8099612672559341,0.6697833333333333,40276,60000,"{'snorkel_first_run': 16.806668043136597, 'snorkel_run_after_fix': 49.49746370315552, 'solver_runtime': 1.6277081966400146, 'repair_time': 7.789999485015869}",267.0,10.444444444444445,9,21.22222222222222,75.721839427948,0.7,0.8
agnews,0.5437,0.6488833333333334,40,8.700911045074463,0.8,14,1.0,0.9,0.8099612672559341,0.6488833333333334,40276,60000,"{'snorkel_first_run': 17.39507555961609, 'snorkel_run_after_fix': 42.990017890930176, 'solver_runtime': 1.5856542587280273, 'repair_time': 8.700911045074463}",264.0,8.777777777777779,9,20.33333333333333,70.67165875434875,0.7,0.8
agnews,0.5437,0.5710166666666666,40,6.393090009689331,0.8,15,0.95,1.0,0.8099612672559341,0.5710166666666666,40276,60000,"{'snorkel_first_run': 23.92325735092163, 'snorkel_run_after_fix': 47.82423543930054, 'solver_runtime': 1.5836498737335205, 'repair_time': 6.393090009689331}",264.0,10.444444444444445,9,22.77777777777778,79.72423267364502,0.7,0.8
amazon,0.5963795962743811,0.7462711244494993,40,9.381823539733888,0.8,1,1.0,0.95,0.6309339552634369,0.7462711244494993,188660,199591,"{'snorkel_first_run': 173.1768443584442, 'snorkel_run_after_fix': 271.90666151046753, 'solver_runtime': 43.942901849746704, 'repair_time': 9.381823539733887}",352.0,9.266666666666667,15,22.6,498.40823125839233,0.7,0.8
amazon,0.5963795962743811,0.7667329689214444,40,9.115937232971191,0.8,2,1.0,0.95,0.6309339552634369,0.7667329689214444,188660,199591,"{'snorkel_first_run': 159.45494651794434, 'snorkel_run_after_fix': 273.3302285671234, 'solver_runtime': 5.068544149398804, 'repair_time': 9.115937232971191}",372.0,9.466666666666669,15,22.066666666666663,446.96965646743774,0.7,0.8
amazon,0.5963795962743811,0.663406666633265,40,15.90962052345276,0.8,3,0.95,0.9,0.6309339552634369,0.663406666633265,188660,199591,"{'snorkel_first_run': 159.73800921440125, 'snorkel_run_after_fix': 300.14979553222656, 'solver_runtime': 17.209489583969116, 'repair_time': 15.909620523452759}",374.0,10.0,15,22.066666666666663,493.0069148540497,0.7,0.8
amazon,0.5963795962743811,0.6886482857443472,40,9.556912183761597,0.8,4,1.0,0.95,0.6309339552634369,0.6886482857443472,188660,199591,"{'snorkel_first_run': 163.51963758468628, 'snorkel_run_after_fix': 265.8899755477905, 'solver_runtime': 91.27820777893066, 'repair_time': 9.556912183761597}",366.0,8.733333333333333,15,22.2,530.2447330951691,0.7,0.8
amazon,0.5963795962743811,0.7875655715939095,40,11.76166534423828,0.8,5,1.0,1.0,0.6309339552634369,0.7875655715939095,188660,199591,"{'snorkel_first_run': 159.77885484695435, 'snorkel_run_after_fix': 299.4443130493164, 'solver_runtime': 3.6633291244506836, 'repair_time': 11.761665344238281}",362.0,10.2,15,22.6,474.6481623649597,0.7,0.8
amazon,0.5963795962743811,0.7803558276675802,40,37.80212473869324,0.8,6,1.0,1.0,0.6309339552634369,0.7803558276675802,188660,199591,"{'snorkel_first_run': 522.3994128704071, 'snorkel_run_after_fix': 820.026937007904, 'solver_runtime': 8.426263809204102, 'repair_time': 37.80212473869324}",358.0,8.8,15,21.933333333333334,1388.6547384262085,0.7,0.8
amazon,0.5963795962743811,0.738830909209333,40,119.08015322685242,0.8,7,0.95,1.0,0.6309339552634369,0.738830909209333,188660,199591,"{'snorkel_first_run': 478.0424790382385, 'snorkel_run_after_fix': 769.4857699871063, 'solver_runtime': 5.188779592514038, 'repair_time': 119.08015322685242}",348.0,8.933333333333334,15,21.933333333333334,1371.7971818447113,0.7,0.8
fakenews,0.708314494981463,0.92051722578895,40,145.30495238304138,0.8,1,1.0,1.0,0.7382197719347846,0.92051722578895,42444,44236,"{'snorkel_first_run': 18.94699001312256, 'snorkel_run_after_fix': 32.24333715438843, 'solver_runtime': 1.9093279838562012, 'repair_time': 145.30495238304138}",278.0,5.909090909090909,11,13.545454545454543,198.40460753440857,0.7,0.8
fakenews,0.708314494981463,0.6612939687132652,40,262.68013548851013,0.8,2,1.0,0.95,0.7382197719347846,0.6612939687132652,42444,44236,"{'snorkel_first_run': 19.430596113204956, 'snorkel_run_after_fix': 45.273215770721436, 'solver_runtime': 2.335315465927124, 'repair_time': 262.68013548851013}",289.0,6.2727272727272725,11,15.181818181818182,329.71926283836365,0.7,0.8
fakenews,0.708314494981463,0.8039831811194502,40,126.10712480545044,0.8,3,1.0,1.0,0.7382197719347846,0.8039831811194502,42444,44236,"{'snorkel_first_run': 26.346468448638916, 'snorkel_run_after_fix': 47.79217171669006, 'solver_runtime': 2.9059700965881348, 'repair_time': 126.10712480545044}",304.0,6.2727272727272725,11,14.818181818181818,203.15173506736755,0.7,0.8
fakenews,0.708314494981463,0.7417035898363324,40,278.5122113227844,0.8,4,1.0,1.0,0.7382197719347846,0.7417035898363324,42444,44236,"{'snorkel_first_run': 19.351094722747803, 'snorkel_run_after_fix': 36.857455015182495, 'solver_runtime': 1.956817388534546, 'repair_time': 278.5122113227844}",287.0,7.181818181818182,11,17.545454545454547,336.67757844924927,0.7,0.8
fakenews,0.708314494981463,0.9417668866986164,40,144.33972096443176,0.8,5,1.0,1.0,0.7382197719347846,0.9417668866986164,42444,44236,"{'snorkel_first_run': 19.738895893096924, 'snorkel_run_after_fix': 32.78173637390137, 'solver_runtime': 4.234454393386841, 'repair_time': 144.33972096443176}",277.0,5.454545454545454,11,12.636363636363637,201.0948076248169,0.7,0.8
fakenews,0.708314494981463,0.9228908581246044,40,480.00934624671936,0.8,6,1.0,0.95,0.7382197719347846,0.9228908581246044,42444,44236,"{'snorkel_first_run': 155.03129482269287, 'snorkel_run_after_fix': 192.82571816444397, 'solver_runtime': 3.953681707382202, 'repair_time': 480.00934624671936}",276.0,6.727272727272728,11,14.454545454545457,831.8200409412384,0.7,0.8
fakenews,0.708314494981463,0.9402296771860024,40,123.7966694831848,0.8,11,1.0,1.0,0.7382197719347846,0.9402296771860024,42444,44236,"{'snorkel_first_run': 19.39814591407776, 'snorkel_run_after_fix': 31.044892072677612, 'solver_runtime': 2.4404900074005127, 'repair_time': 123.79666948318481}",291.0,5.454545454545454,11,13.181818181818182,176.6801974773407,0.7,0.8
fakenews,0.708314494981463,0.9342164752690116,40,98.30701398849487,0.8,12,1.0,1.0,0.7382197719347846,0.9342164752690116,42444,44236,"{'snorkel_first_run': 19.393247365951538, 'snorkel_run_after_fix': 29.856751918792725, 'solver_runtime': 2.100862741470337, 'repair_time': 98.30701398849487}",277.0,4.636363636363637,11,9.363636363636363,149.65787601470947,0.7,0.8
fakenews,0.708314494981463,0.8386608192422461,40,114.046852350235,0.8,13,0.95,1.0,0.7382197719347846,0.8386608192422461,42444,44236,"{'snorkel_first_run': 20.297287702560425, 'snorkel_run_after_fix': 33.53718900680542, 'solver_runtime': 2.332167148590088, 'repair_time': 114.04685235023499}",293.0,6.090909090909091,11,14.090909090909092,170.21349620819092,0.7,0.8
fakenews,0.708314494981463,0.9519848087530518,40,81.19669222831726,0.8,14,1.0,1.0,0.7382197719347846,0.9519848087530518,42444,44236,"{'snorkel_first_run': 19.960296392440796, 'snorkel_run_after_fix': 31.82639789581299, 'solver_runtime': 102.0939371585846, 'repair_time': 81.19669222831726}",278.0,5.454545454545454,11,12.272727272727272,235.07732367515564,0.7,0.8
fakenews,0.708314494981463,0.9373135003164844,40,143.51384019851685,0.8,15,1.0,1.0,0.7382197719347846,0.9373135003164844,42444,44236,"{'snorkel_first_run': 20.123281002044678, 'snorkel_run_after_fix': 33.19366216659546, 'solver_runtime': 2.033473014831543, 'repair_time': 143.51384019851685}",281.0,5.818181818181818,11,14.272727272727272,198.86425638198853,0.7,0.8
imdb,0.42778,0.61888,40,44.50043702125549,0.8,1,1.0,0.9,0.8002169927793782,0.61888,26729,50000,"{'snorkel_first_run': 10.208175420761108, 'snorkel_run_after_fix': 22.86116099357605, 'solver_runtime': 1.1322200298309326, 'repair_time': 44.50043702125549}",189.0,7.285714285714286,7,16.714285714285715,78.70199346542358,0.7,0.8
imdb,0.42778,0.6137,40,46.4870719909668,0.8,2,1.0,0.9,0.8002169927793782,0.6137,26729,50000,"{'snorkel_first_run': 10.715002536773682, 'snorkel_run_after_fix': 21.253835678100586, 'solver_runtime': 1.2455739974975586, 'repair_time': 46.4870719909668}",185.0,6.285714285714286,7,15.857142857142858,79.70148420333862,0.7,0.8
imdb,0.42778,0.58002,40,42.04167675971985,0.8,3,1.0,1.0,0.8002169927793782,0.58002,26729,50000,"{'snorkel_first_run': 10.083672285079956, 'snorkel_run_after_fix': 21.08695363998413, 'solver_runtime': 1.2771270275115967, 'repair_time': 42.04167675971985}",188.0,6.714285714285714,7,15.285714285714286,74.48942971229553,0.7,0.8
imdb,0.42778,0.5394,40,55.541287422180176,0.8,4,0.9,1.0,0.8002169927793782,0.5394,26729,50000,"{'snorkel_first_run': 10.024061679840088, 'snorkel_run_after_fix': 20.553343534469604, 'solver_runtime': 1.265310287475586, 'repair_time': 55.541287422180176}",182.0,6.428571428571429,7,15.571428571428571,87.38400292396545,0.7,0.8
imdb,0.42778,0.5446,40,42.381046295166016,0.8,5,1.0,1.0,0.8002169927793782,0.5446,26729,50000,"{'snorkel_first_run': 14.196355819702148, 'snorkel_run_after_fix': 31.01137113571167, 'solver_runtime': 1.3619906902313232, 'repair_time': 42.381046295166016}",185.0,7.142857142857143,7,17.285714285714285,88.95076394081116,0.7,0.8
imdb,0.42778,0.56034,40,104.52868604660034,0.8,6,1.0,0.95,0.8002169927793782,0.56034,26729,50000,"{'snorkel_first_run': 131.5664336681366, 'snorkel_run_after_fix': 159.20771074295044, 'solver_runtime': 2.301403045654297, 'repair_time': 104.52868604660034}",183.0,7.714285714285714,7,19.571428571428573,397.6042335033417,0.7,0.8
imdb,0.42778,0.57088,40,73.16711449623108,0.8,7,1.0,1.0,0.8002169927793782,0.57088,26729,50000,"{'snorkel_first_run': 133.19607996940613, 'snorkel_run_after_fix': 160.28701376914978, 'solver_runtime': 3.4795022010803223, 'repair_time': 73.16711449623108}",188.0,7.142857142857143,7,17.0,370.1297104358673,0.7,0.8
imdb,0.42778,0.61772,40,30.06544542312622,0.8,11,1.0,0.8,0.8002169927793782,0.61772,26729,50000,"{'snorkel_first_run': 10.548194885253906, 'snorkel_run_after_fix': 22.007591247558594, 'solver_runtime': 1.153731346130371, 'repair_time': 30.06544542312622}",186.0,7.428571428571429,7,18.428571428571427,63.77496290206909,0.7,0.8
imdb,0.42778,0.55976,40,27.40261197090149,0.8,12,1.0,0.85,0.8002169927793782,0.55976,26729,50000,"{'snorkel_first_run': 10.694700717926025, 'snorkel_run_after_fix': 21.16944146156311, 'solver_runtime': 1.2425107955932617, 'repair_time': 27.40261197090149}",178.0,6.142857142857143,7,17.0,60.50926494598389,0.7,0.8
imdb,0.42778,0.54134,40,43.278852701187134,0.8,13,0.8,0.9,0.8002169927793782,0.54134,26729,50000,"{'snorkel_first_run': 14.32332968711853, 'snorkel_run_after_fix': 20.76873803138733, 'solver_runtime': 1.123676061630249, 'repair_time': 43.278852701187134}",181.0,6.857142857142857,7,15.285714285714286,79.49459648132324,0.7,0.8
imdb,0.42778,0.5903,40,47.305743932724,0.8,14,0.95,1.0,0.8002169927793782,0.5903,26729,50000,"{'snorkel_first_run': 10.15380048751831, 'snorkel_run_after_fix': 22.15969204902649, 'solver_runtime': 1.2900190353393555, 'repair_time': 47.305743932724}",173.0,6.857142857142857,7,15.285714285714286,80.90925550460815,0.7,0.8
imdb,0.42778,0.6285,40,35.72667145729065,0.8,15,1.0,0.65,0.8002169927793782,0.6285,26729,50000,"{'snorkel_first_run': 14.505549192428589, 'snorkel_run_after_fix': 20.307564735412598, 'solver_runtime': 1.364626407623291, 'repair_time': 35.72667145729065}",184.0,6.571428571428571,7,15.285714285714286,71.90441179275513,0.7,0.8
painter_architect,0.8519123896698267,0.7751716247139588,40,8.644922733306885,0.8,1,1.0,0.85,0.8988531516771578,0.7751716247139588,11597,12236,"{'snorkel_first_run': 4.605517864227295, 'snorkel_run_after_fix': 8.65874981880188, 'solver_runtime': 1.300335168838501, 'repair_time': 8.644922733306885}",228.0,8.9,10,21.2,23.20952558517456,0.7,0.8
painter_architect,0.8519123896698267,0.8176691729323309,40,9.657799243927002,0.8,3,1.0,0.95,0.8988531516771578,0.8176691729323309,11597,12236,"{'snorkel_first_run': 5.4372642040252686, 'snorkel_run_after_fix': 8.880846500396729, 'solver_runtime': 1.4635789394378662, 'repair_time': 9.657799243927002}",237.0,9.0,10,21.4,25.439488887786865,0.7,0.8
painter_architect,0.8519123896698267,0.8148904870872834,40,8.764157056808472,0.8,4,1.0,1.0,0.8988531516771578,0.8148904870872834,11597,12236,"{'snorkel_first_run': 4.341569185256958, 'snorkel_run_after_fix': 11.254006147384644, 'solver_runtime': 2.530367851257324, 'repair_time': 8.764157056808472}",231.0,9.8,10,23.4,26.8901002407074,0.7,0.8
painter_architect,0.8519123896698267,0.8357306309251389,40,8.184818983078003,0.8,5,1.0,0.6,0.8988531516771578,0.8357306309251389,11597,12236,"{'snorkel_first_run': 5.1681435108184814, 'snorkel_run_after_fix': 9.216981887817383, 'solver_runtime': 1.9231393337249756, 'repair_time': 8.184818983078003}",236.0,8.6,10,20.8,24.493083715438843,0.7,0.8
painter_architect,0.8519123896698267,0.8628636809414841,40,25.184884548187256,0.8,6,1.0,0.95,0.8988531516771578,0.8628636809414841,11597,12236,"{'snorkel_first_run': 175.54636764526367, 'snorkel_run_after_fix': 136.07274651527405, 'solver_runtime': 4.661706209182739, 'repair_time': 25.184884548187256}",236.0,9.8,10,21.0,341.4657049179077,0.7,0.8
painter_architect,0.8519123896698267,0.7127329192546584,40,7.188095331192017,0.8,11,1.0,0.9,0.8988531516771578,0.7127329192546584,11597,12236,"{'snorkel_first_run': 4.140476703643799, 'snorkel_run_after_fix': 8.589432716369629, 'solver_runtime': 1.4537200927734375, 'repair_time': 7.188095331192017}",225.0,8.4,10,18.4,21.37172484397888,0.7,0.8
painter_architect,0.8519123896698267,0.8293559986923831,40,9.37296748161316,0.8,12,1.0,1.0,0.8988531516771578,0.8293559986923831,11597,12236,"{'snorkel_first_run': 4.205662488937378, 'snorkel_run_after_fix': 9.360414028167725, 'solver_runtime': 1.2737398147583008, 'repair_time': 9.37296748161316}",212.0,7.9,10,17.0,24.21278381347656,0.7,0.8
painter_architect,0.8519123896698267,0.7510624387054593,40,7.860487937927246,0.8,13,0.95,1.0,0.8988531516771578,0.7510624387054593,11597,12236,"{'snorkel_first_run': 4.210925817489624, 'snorkel_run_after_fix': 12.563922643661499, 'solver_runtime': 1.5078580379486084, 'repair_time': 7.860487937927246}",233.0,8.7,10,20.2,26.143194437026978,0.7,0.8
painter_architect,0.8519123896698267,0.713223275580255,40,9.2490553855896,0.8,14,1.0,0.95,0.8988531516771578,0.713223275580255,11597,12236,"{'snorkel_first_run': 4.375075340270996, 'snorkel_run_after_fix': 9.88173222541809, 'solver_runtime': 1.607048511505127, 'repair_time': 9.2490553855896}",232.0,9.4,10,23.2,25.112911462783813,0.7,0.8
painter_architect,0.8519123896698267,0.8020594965675057,40,11.282848119735718,0.8,15,1.0,1.0,0.8988531516771578,0.8020594965675057,11597,12236,"{'snorkel_first_run': 5.061660289764404, 'snorkel_run_after_fix': 12.807175636291504, 'solver_runtime': 1.46817946434021, 'repair_time': 11.282848119735718}",231.0,9.5,10,21.8,30.61986351013184,0.7,0.8
physician_professor,0.8123577355165578,0.8551105073793964,40,12.022441148757936,0.8,1,1.0,1.0,0.8293944562100568,0.8551105073793964,53357,54476,"{'snorkel_first_run': 37.86122179031372, 'snorkel_run_after_fix': 67.73491597175598, 'solver_runtime': 2.7020585536956787, 'repair_time': 12.022441148757935}",413.0,7.555555555555555,18,18.55555555555556,120.32063746452332,0.7,0.8
physician_professor,0.8123577355165578,0.8163594977604817,40,8.98773455619812,0.8,2,1.0,1.0,0.8293944562100568,0.8163594977604817,53357,54476,"{'snorkel_first_run': 50.30349373817444, 'snorkel_run_after_fix': 91.36242818832397, 'solver_runtime': 2.826045513153076, 'repair_time': 8.98773455619812}",428.0,8.055555555555555,18,19.444444444444443,153.4797019958496,0.7,0.8
physician_professor,0.8123577355165578,0.8360011748292826,40,9.828503608703612,0.8,3,1.0,1.0,0.8293944562100568,0.8360011748292826,53357,54476,"{'snorkel_first_run': 39.77151656150818, 'snorkel_run_after_fix': 62.08561873435974, 'solver_runtime': 3.304678440093994, 'repair_time': 9.828503608703613}",431.0,6.333333333333333,18,15.666666666666666,114.99031734466551,0.7,0.8
physician_professor,0.8123577355165578,0.8371943608194434,40,8.657819509506226,0.8,4,1.0,1.0,0.8293944562100568,0.8371943608194434,53357,54476,"{'snorkel_first_run': 38.279279708862305, 'snorkel_run_after_fix': 60.91963291168213, 'solver_runtime': 2.998098611831665, 'repair_time': 8.657819509506226}",426.0,6.277777777777778,18,13.666666666666666,110.85483074188232,0.7,0.8
physician_professor,0.8123577355165578,0.8143402599309788,40,9.21568512916565,0.8,5,1.0,0.9,0.8293944562100568,0.8143402599309788,53357,54476,"{'snorkel_first_run': 38.42040038108826, 'snorkel_run_after_fix': 68.21519756317139, 'solver_runtime': 3.789663553237915, 'repair_time': 9.21568512916565}",442.0,7.333333333333333,18,17.555555555555557,119.6409466266632,0.7,0.8
physician_professor,0.8123577355165578,0.7840700491959762,40,15.672082901000977,0.8,6,1.0,1.0,0.8293944562100568,0.7840700491959762,53357,54476,"{'snorkel_first_run': 215.11667108535767, 'snorkel_run_after_fix': 290.121675491333, 'solver_runtime': 4.768245458602905, 'repair_time': 15.672082901000977}",414.0,7.0,18,15.88888888888889,525.6786749362946,0.7,0.8
physician_professor,0.8123577355165578,0.8393604523092738,40,16.14560580253601,0.8,7,1.0,1.0,0.8293944562100568,0.8393604523092738,53357,54476,"{'snorkel_first_run': 207.373544216156, 'snorkel_run_after_fix': 256.04055428504944, 'solver_runtime': 5.536365509033203, 'repair_time': 16.14560580253601}",449.0,7.277777777777778,18,18.666666666666668,485.09606981277466,0.7,0.8
physician_professor,0.8123577355165578,0.8702547911006682,40,10.404993772506714,0.8,11,1.0,1.0,0.8293944562100568,0.8702547911006682,53357,54476,"{'snorkel_first_run': 38.81375765800476, 'snorkel_run_after_fix': 66.53040432929993, 'solver_runtime': 7.703044891357422, 'repair_time': 10.404993772506714}",456.0,7.944444444444445,18,17.88888888888889,123.45220065116882,0.7,0.8
physician_professor,0.8123577355165578,0.8565790439826713,40,8.743635892868042,0.8,12,1.0,1.0,0.8293944562100568,0.8565790439826713,53357,54476,"{'snorkel_first_run': 39.16672158241272, 'snorkel_run_after_fix': 68.52942109107971, 'solver_runtime': 2.8699851036071777, 'repair_time': 8.743635892868042}",415.0,7.722222222222222,18,17.555555555555557,119.30976366996764,0.7,0.8
physician_professor,0.8123577355165578,0.8311182906233938,40,12.333484172821043,0.8,13,0.95,0.9,0.8293944562100568,0.8311182906233938,53357,54476,"{'snorkel_first_run': 40.39166879653931, 'snorkel_run_after_fix': 67.8929967880249, 'solver_runtime': 2.8989145755767822, 'repair_time': 12.333484172821045}",436.0,6.888888888888889,18,15.11111111111111,123.51706433296204,0.7,0.8
physician_professor,0.8123577355165578,0.7692378295029003,40,8.538399457931519,0.8,14,1.0,1.0,0.8293944562100568,0.7692378295029003,53357,54476,"{'snorkel_first_run': 49.4298415184021, 'snorkel_run_after_fix': 81.55486416816711, 'solver_runtime': 2.461601734161377, 'repair_time': 8.538399457931519}",411.0,6.388888888888889,18,15.444444444444445,141.9847068786621,0.7,0.8
physician_professor,0.8123577355165578,0.8418936779499229,40,7.365361928939819,0.8,15,1.0,1.0,0.8293944562100568,0.8418936779499229,53357,54476,"{'snorkel_first_run': 39.46034359931946, 'snorkel_run_after_fix': 65.570396900177, 'solver_runtime': 3.3686673641204834, 'repair_time': 7.365361928939819}",449.0,7.444444444444445,18,18.77777777777778,115.76476979255676,0.7,0.8
plots,0.5529168817759422,0.6572018585441404,40,4.698265075683594,0.8,1,0.7,0.65,0.7330595482546202,0.6572018585441404,1461,1937,"{'snorkel_first_run': 1.1849451065063477, 'snorkel_run_after_fix': 1.898334264755249, 'solver_runtime': 1.7125177383422852, 'repair_time': 4.698265075683594}",267.0,6.8,10,14.2,9.494062185287476,0.7,0.8
plots,0.5529168817759422,0.6943727413526071,40,6.9049155712127686,0.8,2,0.9,0.9,0.7330595482546202,0.6943727413526071,1461,1937,"{'snorkel_first_run': 1.463958978652954, 'snorkel_run_after_fix': 2.3497791290283203, 'solver_runtime': 1.9312245845794678, 'repair_time': 6.9049155712127686}",267.0,8.4,10,18.2,12.64987826347351,0.7,0.8
plots,0.5529168817759422,0.659783169850284,40,5.268421411514282,0.8,3,0.9,0.9,0.7330595482546202,0.659783169850284,1461,1937,"{'snorkel_first_run': 1.3713111877441406, 'snorkel_run_after_fix': 2.1868762969970703, 'solver_runtime': 1.9460382461547852, 'repair_time': 5.268421411514282}",269.0,8.4,10,19.0,10.772647142410278,0.7,0.8
plots,0.5529168817759422,0.6313887454827052,40,6.06408429145813,0.8,4,1.0,0.95,0.7330595482546202,0.6313887454827052,1461,1937,"{'snorkel_first_run': 1.3635215759277344, 'snorkel_run_after_fix': 2.574145793914795, 'solver_runtime': 1.8499855995178223, 'repair_time': 6.06408429145813}",269.0,10.5,10,24.2,11.85173726081848,0.7,0.8
plots,0.5529168817759422,0.6587506453278266,40,6.681161165237427,0.8,5,1.0,0.95,0.7330595482546202,0.6587506453278266,1461,1937,"{'snorkel_first_run': 1.4221620559692383, 'snorkel_run_after_fix': 2.995753288269043, 'solver_runtime': 2.0854368209838867, 'repair_time': 6.681161165237427}",267.0,9.2,10,21.4,13.184513330459597,0.7,0.8
plots,0.5529168817759422,0.5348477026329376,40,10.52029037475586,0.8,6,0.85,0.95,0.7330595482546202,0.5348477026329376,1461,1937,"{'snorkel_first_run': 112.52368998527527, 'snorkel_run_after_fix': 113.08149242401123, 'solver_runtime': 2.727116107940674, 'repair_time': 10.52029037475586}",263.0,9.1,10,23.6,238.85258889198303,0.7,0.8
plots,0.5529168817759422,0.6773360867320599,40,10.89057469367981,0.8,7,0.85,0.75,0.7330595482546202,0.6773360867320599,1461,1937,"{'snorkel_first_run': 118.25957727432251, 'snorkel_run_after_fix': 119.77254343032837, 'solver_runtime': 3.895655632019043, 'repair_time': 10.89057469367981}",271.0,8.0,10,16.6,252.81835103034973,0.7,0.8
plots,0.5529168817759422,0.6670108415074858,40,7.553712368011475,0.8,11,1.0,1.0,0.7330595482546202,0.6670108415074858,1461,1937,"{'snorkel_first_run': 1.2477343082427979, 'snorkel_run_after_fix': 2.433189868927002, 'solver_runtime': 1.726978063583374, 'repair_time': 7.553712368011475}",269.0,12.2,10,28.0,12.961614608764648,0.7,0.8
plots,0.5529168817759422,0.6370676303562209,40,7.081156015396118,0.8,12,1.0,0.95,0.7330595482546202,0.6370676303562209,1461,1937,"{'snorkel_first_run': 0.9773967266082764, 'snorkel_run_after_fix': 1.9586405754089355, 'solver_runtime': 2.297025203704834, 'repair_time': 7.081156015396118}",261.0,7.4,10,18.4,12.314218521118164,0.7,0.8
plots,0.5529168817759422,0.6861125451729478,40,5.854932546615601,0.8,13,1.0,0.6,0.7330595482546202,0.6861125451729478,1461,1937,"{'snorkel_first_run': 1.3709216117858887, 'snorkel_run_after_fix': 2.939605712890625, 'solver_runtime': 1.8455448150634766, 'repair_time': 5.854932546615601}",266.0,9.6,10,20.0,12.01100468635559,0.7,0.8
plots,0.5529168817759422,0.66133195663397,40,8.290568351745605,0.8,14,0.85,0.7,0.7330595482546202,0.66133195663397,1461,1937,"{'snorkel_first_run': 1.0883488655090332, 'snorkel_run_after_fix': 2.689537286758423, 'solver_runtime': 1.8959050178527832, 'repair_time': 8.290568351745605}",266.0,11.0,10,22.6,13.964359521865845,0.7,0.8
plots,0.5529168817759422,0.6948890036138359,40,4.592037200927734,0.8,15,0.85,1.0,0.7330595482546202,0.6948890036138359,1461,1937,"{'snorkel_first_run': 1.0731871128082275, 'snorkel_run_after_fix': 2.154961109161377, 'solver_runtime': 1.7827227115631104, 'repair_time': 4.592037200927734}",257.0,7.5,10,17.0,9.60290813446045,0.7,0.8
professor_teacher,0.7592728160078087,0.6898487066861884,40,5.607604026794434,0.8,1,1.0,1.0,0.8373250807319699,0.6898487066861884,22296,24588,"{'snorkel_first_run': 6.390685319900513, 'snorkel_run_after_fix': 11.432009220123291, 'solver_runtime': 1.2504124641418457, 'repair_time': 5.607604026794434}",170.0,7.857142857142857,7,19.285714285714285,24.680711030960083,0.7,0.8
professor_teacher,0.7592728160078087,0.6737839596551163,40,5.092817068099976,0.8,2,0.9,1.0,0.8373250807319699,0.6737839596551163,22296,24588,"{'snorkel_first_run': 7.7624125480651855, 'snorkel_run_after_fix': 11.900479316711426, 'solver_runtime': 9.090714931488037, 'repair_time': 5.092817068099976}",159.0,7.428571428571429,7,17.571428571428573,33.846423864364624,0.7,0.8
professor_teacher,0.7592728160078087,0.7321457621604035,40,6.660013914108276,0.8,3,1.0,1.0,0.8373250807319699,0.7321457621604035,22296,24588,"{'snorkel_first_run': 5.850867986679077, 'snorkel_run_after_fix': 15.47825002670288, 'solver_runtime': 1.2685611248016357, 'repair_time': 6.660013914108276}",169.0,6.714285714285714,7,15.0,29.25769305229187,0.7,0.8
professor_teacher,0.7592728160078087,0.69810476655279,40,5.019469022750855,0.8,4,0.95,1.0,0.8373250807319699,0.69810476655279,22296,24588,"{'snorkel_first_run': 5.910952568054199, 'snorkel_run_after_fix': 11.4161536693573, 'solver_runtime': 2.6670758724212646, 'repair_time': 5.0194690227508545}",155.0,7.285714285714286,7,17.0,25.013651132583615,0.7,0.8
professor_teacher,0.7592728160078087,0.7390190336749634,40,5.715713024139404,0.8,5,0.95,0.95,0.8373250807319699,0.7390190336749634,22296,24588,"{'snorkel_first_run': 7.906797409057617, 'snorkel_run_after_fix': 15.895714044570923, 'solver_runtime': 1.582747459411621, 'repair_time': 5.715713024139404}",167.0,7.0,7,15.571428571428571,31.100971937179565,0.7,0.8
professor_teacher,0.7592728160078087,0.731088335773548,40,17.451796293258667,0.8,6,1.0,1.0,0.8373250807319699,0.731088335773548,22296,24588,"{'snorkel_first_run': 124.39163780212402, 'snorkel_run_after_fix': 138.91532111167908, 'solver_runtime': 2.5319769382476807, 'repair_time': 17.451796293258667}",163.0,9.142857142857142,7,21.0,283.29073214530945,0.7,0.8
spam,0.695944717221313,0.679396253864339,40,5.659881591796875,0.8,2,1.0,1.0,0.8348603839441536,0.679396253864339,4584,5499,"{'snorkel_first_run': 2.4734301567077637, 'snorkel_run_after_fix': 7.424639701843262, 'solver_runtime': 4.0919928550720215, 'repair_time': 5.659881591796875}",477.0,10.823529411764708,17,25.0,19.64994430541992,0.7,0.8
spam,0.695944717221313,0.7532278596108384,40,2.79053258895874,0.8,3,0.95,1.0,0.8348603839441536,0.7532278596108384,4584,5499,"{'snorkel_first_run': 2.6212635040283203, 'snorkel_run_after_fix': 6.068112134933472, 'solver_runtime': 21.86226463317871, 'repair_time': 2.7905325889587402}",490.0,7.117647058823529,17,16.176470588235293,33.34217286109924,0.7,0.8
spam,0.695944717221313,0.6599381705764684,40,4.712215423583984,0.8,4,0.8,1.0,0.8348603839441536,0.6599381705764684,4584,5499,"{'snorkel_first_run': 2.711409568786621, 'snorkel_run_after_fix': 7.050740718841553, 'solver_runtime': 5.712562084197998, 'repair_time': 4.712215423583984}",464.0,9.235294117647058,17,21.705882352941178,20.18692779541016,0.7,0.8
spam,0.695944717221313,0.6317512274959084,40,5.808952808380127,0.8,11,0.45,1.0,0.8348603839441536,0.6317512274959084,4584,5499,"{'snorkel_first_run': 2.202152729034424, 'snorkel_run_after_fix': 6.779775142669678, 'solver_runtime': 28.596899032592773, 'repair_time': 5.808952808380127}",480.0,9.529411764705882,17,22.176470588235293,43.387779712677,0.7,0.8
spam,0.695944717221313,0.6773958901618476,40,2.896430969238281,0.8,12,0.9,1.0,0.8348603839441536,0.6773958901618476,4584,5499,"{'snorkel_first_run': 2.319209098815918, 'snorkel_run_after_fix': 6.485069513320923, 'solver_runtime': 6.685993432998657, 'repair_time': 2.8964309692382812}",487.0,8.294117647058824,17,20.647058823529413,18.38670301437378,0.7,0.8
spam,0.695944717221313,0.7415893798872523,40,4.717952966690064,0.8,13,0.45,0.95,0.8348603839441536,0.7415893798872523,4584,5499,"{'snorkel_first_run': 3.893815040588379, 'snorkel_run_after_fix': 6.48640251159668, 'solver_runtime': 30.838273525238037, 'repair_time': 4.7179529666900635}",469.0,8.823529411764707,17,20.88235294117647,45.93644404411316,0.7,0.8
spam,0.695944717221313,0.5995635570103656,40,5.638813734054565,0.8,14,0.7,1.0,0.8348603839441536,0.5995635570103656,4584,5499,"{'snorkel_first_run': 3.0280754566192627, 'snorkel_run_after_fix': 8.752465009689331, 'solver_runtime': 5.422720193862915, 'repair_time': 5.638813734054565}",482.0,9.176470588235292,17,19.823529411764707,22.842074394226078,0.7,0.8
spam,0.695944717221313,0.7119476268412439,40,3.786143064498901,0.8,15,0.75,1.0,0.8348603839441536,0.7119476268412439,4584,5499,"{'snorkel_first_run': 2.4223225116729736, 'snorkel_run_after_fix': 5.970118284225464, 'solver_runtime': 3.5225019454956055, 'repair_time': 3.7861430644989014}",479.0,8.647058823529411,17,21.352941176470587,15.701085805892944,0.7,0.8
tweets,0.5440920181247821,0.5948065528058557,40,3.7704176902771,0.8,1,0.75,0.85,0.5930851063829787,0.5948065528058557,10528,11476,"{'snorkel_first_run': 4.264765024185181, 'snorkel_run_after_fix': 12.256065368652344, 'solver_runtime': 11.179785013198853, 'repair_time': 3.7704176902770996}",428.0,8.5,16,19.5,31.47103309631348,0.7,0.8
tweets,0.5440920181247821,0.6833391425583827,40,3.35144305229187,0.8,2,0.9,1.0,0.5930851063829787,0.6833391425583827,10528,11476,"{'snorkel_first_run': 5.096906423568726, 'snorkel_run_after_fix': 12.44303297996521, 'solver_runtime': 5.00145149230957, 'repair_time': 3.35144305229187}",427.0,8.8125,16,21.125,25.892833948135376,0.7,0.8
tweets,0.5440920181247821,0.6878703380968979,40,4.328731060028076,0.8,3,0.6,0.75,0.5930851063829787,0.6878703380968979,10528,11476,"{'snorkel_first_run': 4.484796047210693, 'snorkel_run_after_fix': 15.598415851593018, 'solver_runtime': 38.19538331031799, 'repair_time': 4.328731060028076}",429.0,11.5625,16,26.5,62.60732626914978,0.7,0.8
tweets,0.5440920181247821,0.7667305681422099,40,3.3897900581359863,0.8,4,0.85,0.95,0.5930851063829787,0.7667305681422099,10528,11476,"{'snorkel_first_run': 5.973748683929443, 'snorkel_run_after_fix': 17.445893049240112, 'solver_runtime': 5.530997276306152, 'repair_time': 3.3897900581359863}",424.0,9.75,16,24.625,32.340429067611694,0.7,0.8
tweets,0.5440920181247821,0.7466887417218543,40,4.968085050582886,0.8,5,0.7,0.7,0.5930851063829787,0.7466887417218543,10528,11476,"{'snorkel_first_run': 4.710810661315918, 'snorkel_run_after_fix': 13.848469257354736, 'solver_runtime': 4.447130441665649, 'repair_time': 4.968085050582886}",434.0,11.0,16,27.625,27.97449541091919,0.7,0.8
tweets,0.5440920181247821,0.5967235970721506,40,8.737499713897705,0.8,6,1.0,1.0,0.5930851063829787,0.5967235970721506,10528,11476,"{'snorkel_first_run': 123.29385566711426, 'snorkel_run_after_fix': 148.49158787727356, 'solver_runtime': 16.154956340789795, 'repair_time': 8.737499713897705}",430.0,10.9375,16,27.875,296.6778995990753,0.7,0.8
tweets,0.5440920181247821,0.7140118508191007,40,2.398110866546631,0.8,11,0.95,1.0,0.5930851063829787,0.7140118508191007,10528,11476,"{'snorkel_first_run': 4.3373754024505615, 'snorkel_run_after_fix': 9.98397970199585, 'solver_runtime': 3.1828653812408447, 'repair_time': 2.398110866546631}",434.0,7.1875,16,17.875,19.902331352233887,0.7,0.8
tweets,0.5440920181247821,0.6712269083304288,40,4.510898590087891,0.8,12,1.0,0.95,0.5930851063829787,0.6712269083304288,10528,11476,"{'snorkel_first_run': 4.568826198577881, 'snorkel_run_after_fix': 14.075075149536133, 'solver_runtime': 2.9707376956939697, 'repair_time': 4.510898590087891}",431.0,10.625,16,26.0,26.125537633895878,0.7,0.8
tweets,0.5440920181247821,0.7132276054374347,40,4.310968399047852,0.8,13,0.8,0.75,0.5930851063829787,0.7132276054374347,10528,11476,"{'snorkel_first_run': 4.300171613693237, 'snorkel_run_after_fix': 14.105403184890747, 'solver_runtime': 3.1010353565216064, 'repair_time': 4.310968399047852}",418.0,10.625,16,24.5,25.81757855415344,0.7,0.8
tweets,0.5440920181247821,0.704252352736145,40,4.753668546676636,0.8,14,0.7,0.95,0.5930851063829787,0.704252352736145,10528,11476,"{'snorkel_first_run': 4.323936700820923, 'snorkel_run_after_fix': 11.456057071685791, 'solver_runtime': 6.886711597442627, 'repair_time': 4.753668546676636}",428.0,7.875,16,19.5,27.420373916625977,0.7,0.8
tweets,0.5440920181247821,0.5834785639595678,40,4.218265295028687,0.8,15,1.0,1.0,0.5930851063829787,0.5834785639595678,10528,11476,"{'snorkel_first_run': 4.455320119857788, 'snorkel_run_after_fix': 15.11621642112732, 'solver_runtime': 2.9424550533294678, 'repair_time': 4.2182652950286865}",425.0,12.375,16,30.0,26.73225688934326,0.7,0.8
yelp,0.5345858915913463,0.5253893383224855,40,27.669793605804443,0.8,1,1.0,0.95,0.7927706135209066,0.5253893383224855,25590,37949,"{'snorkel_first_run': 7.464592695236206, 'snorkel_run_after_fix': 18.42392134666443, 'solver_runtime': 1.414458990097046, 'repair_time': 27.669793605804443}",230.0,7.0,8,15.25,54.97276663780213,0.7,0.8
yelp,0.5345858915913463,0.5788558328282695,40,33.912827491760254,0.8,2,1.0,0.9,0.7927706135209066,0.5788558328282695,25590,37949,"{'snorkel_first_run': 10.292259216308594, 'snorkel_run_after_fix': 24.506515502929688, 'solver_runtime': 1.5360839366912842, 'repair_time': 33.912827491760254}",220.0,7.125,8,16.75,70.24768614768982,0.7,0.8
yelp,0.5345858915913463,0.6151413739492477,40,30.064866065979004,0.8,3,1.0,1.0,0.7927706135209066,0.6151413739492477,25590,37949,"{'snorkel_first_run': 9.007773637771606, 'snorkel_run_after_fix': 19.39461660385132, 'solver_runtime': 1.8968391418457031, 'repair_time': 30.064866065979004}",230.0,7.625,8,18.75,60.36409544944763,0.7,0.8
yelp,0.5345858915913463,0.647711402144984,40,33.70920729637146,0.8,4,0.8,0.55,0.7927706135209066,0.647711402144984,25590,37949,"{'snorkel_first_run': 11.410736083984375, 'snorkel_run_after_fix': 18.882721424102783, 'solver_runtime': 1.6491804122924805, 'repair_time': 33.70920729637146}",229.0,6.75,8,16.0,65.6518452167511,0.7,0.8
yelp,0.5345858915913463,0.6334027247094786,40,24.760669708251957,0.8,5,1.0,0.95,0.7927706135209066,0.6334027247094786,25590,37949,"{'snorkel_first_run': 7.534198045730591, 'snorkel_run_after_fix': 25.081592082977295, 'solver_runtime': 1.4495189189910889, 'repair_time': 24.760669708251953}",224.0,7.25,8,17.25,58.82597875595093,0.7,0.8
yelp,0.5345858915913463,0.600964452291233,40,70.92092752456665,0.8,6,1.0,1.0,0.7927706135209066,0.600964452291233,25590,37949,"{'snorkel_first_run': 125.03072714805603, 'snorkel_run_after_fix': 145.05393147468567, 'solver_runtime': 2.8229007720947266, 'repair_time': 70.92092752456665}",225.0,6.875,8,15.0,343.8284869194031,0.7,0.8
yelp,0.5345858915913463,0.5469972858309837,40,26.400148391723636,0.8,11,0.85,0.95,0.7927706135209066,0.5469972858309837,25590,37949,"{'snorkel_first_run': 10.429099798202515, 'snorkel_run_after_fix': 28.145991325378418, 'solver_runtime': 1.8616011142730713, 'repair_time': 26.400148391723633}",231.0,7.875,8,17.75,66.83684062957764,0.7,0.8
yelp,0.5345858915913463,0.5885003557405992,40,52.11304187774658,0.8,12,0.9,1.0,0.7927706135209066,0.5885003557405992,25590,37949,"{'snorkel_first_run': 7.603068828582764, 'snorkel_run_after_fix': 20.478205680847168, 'solver_runtime': 2.401693344116211, 'repair_time': 52.11304187774658}",229.0,8.375,8,18.75,82.59600973129272,0.7,0.8
yelp,0.5345858915913463,0.6096076312946322,40,20.917837858200077,0.8,13,1.0,1.0,0.7927706135209066,0.6096076312946322,25590,37949,"{'snorkel_first_run': 7.5489771366119385, 'snorkel_run_after_fix': 19.45392417907715, 'solver_runtime': 1.4198813438415527, 'repair_time': 20.917837858200073}",218.0,7.75,8,17.25,49.34062051773071,0.7,0.8
yelp,0.5345858915913463,0.5905557458694564,40,30.35291361808777,0.8,14,1.0,1.0,0.7927706135209066,0.5905557458694564,25590,37949,"{'snorkel_first_run': 7.851321220397949, 'snorkel_run_after_fix': 27.760421991348267, 'solver_runtime': 1.4936895370483398, 'repair_time': 30.35291361808777}",228.0,8.375,8,18.75,67.45834636688232,0.7,0.8
yelp,0.5345858915913463,0.6493188226303723,40,30.63914203643799,0.8,15,1.0,0.9,0.7927706135209066,0.6493188226303723,25590,37949,"{'snorkel_first_run': 7.659238815307617, 'snorkel_run_after_fix': 17.152712106704712, 'solver_runtime': 1.513504981994629, 'repair_time': 30.63914203643799}",229.0,6.375,8,17.0,56.96459794044495,0.7,0.8
